scan_id,SUB_ID,SITE_ID,FILE_ID,quality,has_nifti,qc_anat_rater_2,qc_anat_rater_3,AGE_AT_SCAN,SEX,anat_cnr,anat_efc,anat_fber,anat_fwhm,anat_qi1,anat_snr
PITT_50017,50017,PITT,Pitt_0050017,0,True,maybe,fail,22.7,1,6.772440228,1.222304691,6.155562091,4.040548355,0.245086168,7.964681053
OLIN_50110,50110,OLIN,Olin_0050110,0,True,maybe,fail,13.0,1,8.932168819,1.958585915,6.085652823,3.31752,0.153992334,13.59952799
OLIN_50136,50136,OLIN,Olin_0050136,0,True,maybe,fail,19.0,1,6.424782159,2.067477759,3.941850329,3.78409,0.169492663,10.10849881
SDSU_50185,50185,SDSU,SDSU_0050185,0,True,maybe,fail,12.44,2,9.933611459,7.429454084,0.159945354,3.06275,0.225652873,13.49031298
SDSU_50191,50191,SDSU,SDSU_0050191,0,True,maybe,fail,12.63,1,13.5043908,7.457786975,0.725485595,3.13979,0.164729593,15.9817722
SDSU_50192,50192,SDSU,SDSU_0050192,0,True,maybe,fail,12.99,1,11.67329562,8.071354656,0.306378888,3.69574,0.161511518,13.58784236
SDSU_50197,50197,SDSU,SDSU_0050197,0,True,maybe,fail,14.98,1,6.804193049,10.73474124,0.038119169,3.38198,0.259048326,10.66883404
SDSU_50207,50207,SDSU,SDSU_0050207,0,True,maybe,fail,16.06,1,14.81746236,8.636149672,0.585184035,2.93505,0.182213393,20.30293152
SDSU_50211,50211,SDSU,SDSU_0050211,0,True,maybe,fail,16.13,1,7.928420468,10.00740341,0.160907722,3.05972,0.223594884,11.30067369
SDSU_50212,50212,SDSU,SDSU_0050212,0,True,maybe,fail,13.81,1,11.11346617,9.25452975,0.143977973,3.1448,0.203109623,13.8400329
TRINITY_50246,50246,TRINITY,Trinity_0050246,0,True,maybe,fail,19.5,1,5.585191703,1.596619247,5.354890081,4.6521,0.120503548,8.881105701
UM_50288,50288,UM,UM_1_0050288,0,True,maybe,fail,11.1,1,10.60423801,9.043170236,1.145220085,2.615034343,0.003328795,18.22017803
UM_50296,50296,UM,UM_1_0050296,0,True,maybe,fail,15.1,1,11.55116864,9.49399398,1.443855766,2.819672071,0.001070432,22.70160633
UM_50299,50299,UM,UM_1_0050299,0,True,maybe,fail,12.2,1,6.237627709,0.416487172,180.2224031,2.70419177,0.009236443,11.70607513
UM_50306,50306,UM,UM_1_0050306,0,True,maybe,fail,8.5,1,13.72391318,15.77614098,0.919089709,3.026043377,0.003310239,23.75891878
UM_50309,50309,UM,no_filename,0,False,maybe,fail,9.5,2,4.962108123,0.40597456,96.72204672,2.605430752,0.016070455,8.697940726
UM_50316,50316,UM,UM_1_0050316,0,True,maybe,fail,11.8,1,11.08084568,0.416457835,692.8226303,3.090838267,0.001943291,22.99770557
UM_50323,50323,UM,no_filename,0,False,maybe,fail,14.2,1,5.463959245,0.465353127,122.7295045,3.133857901,0.019923013,10.33398877
YALE_50560,50560,YALE,Yale_0050560,0,True,fail,fail,9.25,1,25.805174,2.497366925,21.29589311,4.41563,0.144572439,39.73239816
YALE_50617,50617,YALE,Yale_0050617,0,True,fail,fail,7.25,1,33.8513766,0.78812073,451.6343777,4.17132,0.089590713,44.12958134
YALE_50618,50618,YALE,Yale_0050618,0,True,fail,fail,12.75,1,15.72479069,1.274687862,48.29336935,4.3836,0.13052314,23.10614539
KKI_50815,50815,KKI,KKI_0050815,0,True,maybe,fail,10.62,1,13.8265876,3.863930642,2.354335967,2.814221278,0.070432496,19.10540261
KKI_50825,50825,KKI,KKI_0050825,0,True,fail,fail,8.5,1,8.150882036,3.933716547,1.877719288,2.963717949,0.078554156,13.63976503
KKI_50826,50826,KKI,KKI_0050826,0,True,maybe,fail,10.57,1,13.36233055,4.40431635,1.887355667,2.744340654,0.063773707,18.79861838
STANFORD_51160,51160,STANFORD,Stanford_0051160,0,True,maybe,fail,7.9336,1,11.08845355,19.55189417,-0.103372603,3.79778359,0.173979341,13.84754357
STANFORD_51165,51165,STANFORD,Stanford_0051165,0,True,maybe,fail,11.8433,1,11.24888149,18.24283315,-0.070827217,3.067724758,0.154006402,11.32690338
STANFORD_51166,51166,STANFORD,Stanford_0051166,0,True,maybe,fail,8.3833,1,10.11151964,18.49339161,-0.098329448,3.05048532,0.216914438,10.61311168
STANFORD_51174,51174,STANFORD,Stanford_0051174,0,True,maybe,fail,9.9473,1,9.760399972,18.9440835,-0.149794518,3.401909398,0.146427384,13.00453394
STANFORD_51175,51175,STANFORD,Stanford_0051175,0,True,maybe,fail,8.5804,1,10.966648,14.70791138,-0.033810906,3.154009867,0.155721495,11.54575332
STANFORD_51176,51176,STANFORD,no_filename,0,False,maybe,fail,9.271,1,9.840845987,15.72944838,-0.094966816,3.066081466,0.160516571,12.6770873
STANFORD_51186,51186,STANFORD,Stanford_0051186,0,True,maybe,fail,8.3203,1,9.625783558,11.2584439,0.019673302,3.008251058,0.162966973,12.20576071
STANFORD_51190,51190,STANFORD,Stanford_0051190,0,True,maybe,fail,8.9363,1,11.77209477,24.02772918,-0.141950148,3.520753945,0.164059134,13.70751158
STANFORD_51191,51191,STANFORD,Stanford_0051191,0,True,maybe,fail,9.7201,1,11.50148831,20.0632885,-0.128157474,3.338944615,0.173756547,13.41102198
STANFORD_51193,51193,STANFORD,Stanford_0051193,0,True,maybe,fail,9.5202,1,11.28201579,16.54681776,-0.089651602,3.0138488,0.1460024,11.63438595
STANFORD_51195,51195,STANFORD,Stanford_0051195,0,True,maybe,fail,11.178,1,13.59214295,15.67963498,-0.097469244,3.36373405,0.154119791,13.85016919
STANFORD_51196,51196,STANFORD,Stanford_0051196,0,True,maybe,fail,11.8816,1,13.64924667,16.16451749,-0.084669438,3.181859599,0.127572942,16.83657104
STANFORD_51199,51199,STANFORD,Stanford_0051199,0,True,maybe,fail,12.3833,1,8.609764046,15.58704061,-0.075453188,3.069409537,0.18432046,10.98324646
UCLA_51209,51209,UCLA,UCLA_1_0051209,0,True,maybe,fail,9.99,1,7.696520782,1.215714173,11.11791871,3.33630215,0.069059521,11.4078589
UCLA_51213,51213,UCLA,UCLA_1_0051213,0,True,maybe,fail,9.11,1,6.238874543,1.315965623,5.016950488,3.875863989,0.119414574,9.123026566
UCLA_51227,51227,UCLA,UCLA_1_0051227,0,True,maybe,fail,14.53,1,8.222765428,1.719560005,4.667935257,2.960546457,0.038077027,12.43002569
UCLA_51238,51238,UCLA,UCLA_1_0051238,0,True,maybe,fail,10.85,1,7.890709913,1.920182286,4.814455081,3.749765159,0.056870992,12.98970296
UCLA_51258,51258,UCLA,UCLA_1_0051258,0,True,maybe,fail,11.55,1,8.99459595,1.314750537,7.966958966,2.75491126,0.036904245,11.8482517
UCLA_51263,51263,UCLA,UCLA_1_0051263,0,True,maybe,fail,16.03,1,8.355119667,5.271910832,2.854340158,3.573567448,0.227758463,20.62879578
UCLA_51296,51296,UCLA,UCLA_2_0051296,0,True,fail,fail,11.16,1,5.992553944,1.203796007,5.239735424,3.804834161,0.219669155,5.665865011
UCLA_51312,51312,UCLA,UCLA_2_0051312,0,True,maybe,fail,12.9,1,7.726576905,1.640105671,5.8567427,3.278691924,0.053277772,11.87658958
UCLA_51314,51314,UCLA,UCLA_2_0051314,0,True,maybe,fail,13.12,1,8.078166169,1.407151246,6.451693416,3.050876507,0.067369637,11.62415966
UCLA_51316,51316,UCLA,UCLA_2_0051316,0,True,maybe,fail,12.66,1,7.475675283,1.555347448,5.657263062,3.037946672,0.05802881,11.51953236
MAXMUN_51348,51348,MAXMUN,MaxMun_c_0051348,0,True,maybe,fail,8.0,1,7.694202053,2.414019862,4.834626493,3.18326,0.143170931,15.71139954
MAXMUN_51352,51352,MAXMUN,MaxMun_d_0051352,0,True,maybe,fail,9.0,1,8.729394769,2.103430566,9.126912124,3.37328,0.120154147,19.78767003
MAXMUN_51353,51353,MAXMUN,MaxMun_d_0051353,0,True,maybe,fail,7.0,1,7.198533326,2.08078062,5.197759275,3.21945,0.141180176,14.580271
MAXMUN_51355,51355,MAXMUN,MaxMun_d_0051355,0,True,maybe,fail,11.0,1,11.25076752,2.334809876,10.98091479,3.48315,0.096214723,25.27655404
PITT_50002,50002,PITT,no_filename,1,False,OK,OK,16.77,1,10.20153877,1.194663818,16.22345825,3.878000404,0.152710978,12.07245188
PITT_50003,50003,PITT,Pitt_0050003,1,True,OK,OK,24.45,1,7.165701466,1.126751612,10.4600076,4.282238006,0.161715589,9.241154558
PITT_50004,50004,PITT,Pitt_0050004,1,True,OK,OK,19.09,1,7.698144375,1.226217716,9.725750457,3.881684291,0.174185723,9.323462773
PITT_50005,50005,PITT,Pitt_0050005,1,True,OK,OK,13.73,2,9.071806683,1.256277649,11.19822588,3.628666925,0.119269358,10.81419962
PITT_50006,50006,PITT,Pitt_0050006,1,True,OK,OK,13.37,1,8.026798004,1.407166399,6.282054918,3.674539411,0.130647241,10.12357371
PITT_50007,50007,PITT,Pitt_0050007,1,True,OK,OK,17.78,1,5.775896593,1.1612314,6.991092758,4.10470701,0.236214306,7.638745627
PITT_50008,50008,PITT,Pitt_0050008,1,True,OK,OK,32.45,1,6.669685577,1.241490531,7.94593713,3.831461581,0.131732638,8.507972453
PITT_50009,50009,PITT,Pitt_0050009,1,True,OK,OK,33.86,1,4.447948042,1.201310561,7.858094734,3.622117792,0.197792358,6.552230995
PITT_50010,50010,PITT,Pitt_0050010,1,True,OK,OK,35.2,1,11.4503878,0.931667628,29.23381074,3.85235598,0.07377585,13.29213972
PITT_50011,50011,PITT,Pitt_0050011,1,True,OK,OK,16.93,1,6.65147685,1.464785769,5.833881604,3.697061574,0.136784401,8.338745561
PITT_50012,50012,PITT,Pitt_0050012,1,True,OK,OK,21.48,1,4.967131099,1.33285742,5.775843832,3.84546416,0.143811762,8.339334934
PITT_50013,50013,PITT,Pitt_0050013,1,True,OK,OK,9.33,1,8.700405895,1.350182607,8.310241974,3.504604648,0.149480351,11.45026884
PITT_50014,50014,PITT,Pitt_0050014,1,True,OK,OK,14.2,1,7.143879017,1.24844379,6.895068955,4.015151427,0.16768075,8.720423719
PITT_50015,50015,PITT,Pitt_0050015,1,True,OK,OK,14.2,1,6.123484292,1.261658397,6.832958198,3.642745657,0.216526503,8.034187301
PITT_50016,50016,PITT,Pitt_0050016,1,True,OK,OK,21.82,1,6.043799118,1.171185688,8.643466728,4.021929018,0.191117144,7.924145669
PITT_50019,50019,PITT,Pitt_0050019,1,True,OK,OK,27.81,1,5.81463531,1.463121576,5.97881336,3.724600296,0.232362145,7.71934275
PITT_50020,50020,PITT,Pitt_0050020,1,True,OK,OK,20.83,1,8.67434587,1.277450788,10.71552327,3.918827773,0.148795298,10.84922473
PITT_50022,50022,PITT,Pitt_0050022,1,True,OK,OK,16.99,1,9.929418434,1.50611498,7.213385672,3.859219243,0.155915261,11.67386225
PITT_50023,50023,PITT,Pitt_0050023,1,True,OK,OK,12.64,2,6.940509038,1.398147774,6.469068608,3.876543983,0.173036177,9.056359781
PITT_50024,50024,PITT,Pitt_0050024,1,True,OK,OK,22.64,1,6.840154603,1.320027277,7.542862582,3.690417251,0.175466913,8.474484375
PITT_50025,50025,PITT,Pitt_0050025,1,True,OK,OK,31.72,1,7.49430891,1.071798339,11.67654593,3.969659705,0.147526302,9.665734342
PITT_50026,50026,PITT,Pitt_0050026,1,True,OK,OK,16.28,1,7.909607371,1.297104217,9.542624046,3.740344868,0.128834216,9.851852594
PITT_50027,50027,PITT,Pitt_0050027,1,True,OK,OK,12.24,1,7.758219432,1.214964601,8.18070618,3.947251771,0.118513027,9.536603215
PITT_50030,50030,PITT,Pitt_0050030,1,True,OK,OK,25.12,1,6.241234197,1.183128597,9.10261919,3.945129014,0.160274795,8.033935993
PITT_50031,50031,PITT,Pitt_0050031,1,True,OK,OK,12.92,1,5.350086662,1.259550352,3.532356555,4.034113451,0.214714709,7.213660797
PITT_50032,50032,PITT,Pitt_0050032,1,True,OK,OK,19.8,1,8.467181308,1.184436537,12.81410551,4.323522291,0.147491811,11.0440292
PITT_50033,50033,PITT,Pitt_0050033,1,True,OK,OK,12.15,1,8.406173343,1.311532109,8.81624846,3.873079035,0.169215687,11.06746227
PITT_50034,50034,PITT,Pitt_0050034,1,True,OK,OK,14.77,1,7.184832233,1.259670408,7.474577213,3.979435808,0.171528459,9.157606287
PITT_50035,50035,PITT,Pitt_0050035,1,True,OK,OK,17.36,1,5.654546336,1.328061652,6.55227487,3.742553297,0.178713346,8.396284453
PITT_50036,50036,PITT,Pitt_0050036,1,True,OK,OK,13.28,2,8.603721821,1.220804603,10.33050853,3.89432564,0.132916098,11.66236098
PITT_50037,50037,PITT,Pitt_0050037,1,True,OK,OK,19.16,1,8.208945378,1.024248948,15.70854153,4.108267149,0.116278498,10.37067658
PITT_50038,50038,PITT,Pitt_0050038,1,True,OK,OK,13.95,2,8.537097004,1.052842334,13.45542645,3.879485381,0.112646032,10.48498966
PITT_50039,50039,PITT,Pitt_0050039,1,True,OK,OK,30.66,1,6.860592184,1.218226814,9.802294932,3.79921091,0.165615197,8.926025738
PITT_50040,50040,PITT,Pitt_0050040,1,True,OK,OK,24.6,1,5.477478716,1.242694359,4.932601801,4.159451286,0.156115386,7.51043718
PITT_50041,50041,PITT,Pitt_0050041,1,True,OK,OK,27.92,1,8.636898901,1.343260792,7.974153159,4.516750264,0.171976917,11.23355228
PITT_50042,50042,PITT,Pitt_0050042,1,True,OK,OK,33.17,1,7.193780293,1.320891504,7.88210352,3.677833016,0.156917103,9.148956356
PITT_50043,50043,PITT,Pitt_0050043,1,True,OK,OK,13.78,1,9.081950836,1.163578686,13.23500045,3.86332197,0.143267075,10.79901923
PITT_50044,50044,PITT,Pitt_0050044,1,True,OK,OK,17.13,1,9.669439525,1.260100876,10.90171531,4.250682228,0.13381266,11.9457555
PITT_50050,50050,PITT,Pitt_0050050,1,True,OK,OK,14.37,1,5.561112716,1.310797022,4.882825039,4.020748651,0.19188404,7.351622048
PITT_50051,50051,PITT,Pitt_0050051,1,True,OK,OK,12.83,1,7.407659019,1.401685958,6.117821272,3.897371748,0.149972867,9.245972449
PITT_50052,50052,PITT,Pitt_0050052,1,True,OK,OK,33.24,1,10.34537262,1.145415838,15.70909683,3.717441942,0.140990906,11.87111942
PITT_50056,50056,PITT,Pitt_0050056,1,True,OK,OK,13.59,1,8.034716115,1.084044369,11.1763085,3.739278731,0.10841072,9.691914544
PITT_50057,50057,PITT,Pitt_0050057,1,True,OK,OK,12.62,2,7.774932117,1.184518121,7.749258218,3.69616678,0.121883595,9.12011582
PITT_50058,50058,PITT,Pitt_0050058,1,True,OK,OK,23.1,1,8.171445898,1.273166909,10.14255026,4.158632645,0.134196457,10.67454932
PITT_50060,50060,PITT,Pitt_0050060,1,True,OK,OK,20.34,1,5.099356164,1.279056804,4.51982528,4.27498446,0.200769764,7.524358606
OLIN_50103,50103,OLIN,Olin_0050103,1,True,OK,OK,14.0,1,11.34124068,1.128223056,39.91832724,3.49441,0.088948279,16.10459486
OLIN_50104,50104,OLIN,Olin_0050104,1,True,OK,OK,16.0,1,12.80468233,1.643288748,23.71004619,3.43533,0.053350076,19.51841738
OLIN_50106,50106,OLIN,Olin_0050106,1,True,OK,OK,10.0,1,13.2963084,1.509075628,18.52942267,3.325100198,0.073192001,17.84894636
OLIN_50107,50107,OLIN,Olin_0050107,1,True,OK,OK,21.0,1,9.421830897,1.810540547,12.66032619,3.5939,0.058681841,14.85251982
OLIN_50108,50108,OLIN,no_filename,1,False,OK,OK,21.0,1,13.73839966,1.62983016,22.31264597,3.54137,0.071803832,19.79738226
OLIN_50109,50109,OLIN,Olin_0050109,1,True,OK,OK,20.0,1,12.96664018,2.157248666,14.61357431,3.71507,0.051380441,20.6054162
OLIN_50112,50112,OLIN,Olin_0050112,1,True,OK,OK,17.0,1,13.78761669,1.517748083,37.19868976,3.62291,0.03812167,22.30714854
OLIN_50113,50113,OLIN,Olin_0050113,1,True,OK,OK,15.0,2,14.97652531,2.051581876,15.95039984,3.36644,0.0520534,22.60041438
OLIN_50114,50114,OLIN,Olin_0050114,1,True,OK,OK,20.0,2,9.30618144,1.477029938,23.53020705,3.67183,0.058216628,15.10018664
OLIN_50117,50117,OLIN,Olin_0050117,1,True,OK,OK,21.0,1,12.4625239,1.526905156,23.30905349,3.69239,0.049688554,17.20223069
OLIN_50118,50118,OLIN,Olin_0050118,1,True,OK,OK,15.0,1,11.39139796,1.496525938,21.51319431,3.38659,0.060270403,15.44244631
OLIN_50119,50119,OLIN,Olin_0050119,1,True,OK,OK,19.0,2,14.22999594,2.047684261,12.57211368,3.65041,0.049436624,19.85073424
OLIN_50121,50121,OLIN,Olin_0050121,1,True,OK,OK,20.0,1,10.76982723,1.479663062,29.72837751,3.64339,0.045695756,17.35701274
OLIN_50123,50123,OLIN,Olin_0050123,1,True,OK,OK,17.0,1,11.55521066,1.697891311,18.07636367,3.62014,0.06397159,17.55813269
OLIN_50124,50124,OLIN,Olin_0050124,1,True,OK,OK,18.0,1,12.43416847,1.320403669,31.70613263,3.62044,0.061465279,18.21903012
OLIN_50125,50125,OLIN,Olin_0050125,1,True,OK,OK,24.0,2,12.1387268,1.450838896,20.76166,3.56551,0.077548432,17.80139343
OLIN_50127,50127,OLIN,Olin_0050127,1,True,OK,OK,14.0,2,13.60985814,1.779894762,18.27212809,3.66147,0.061955058,19.23485033
OLIN_50128,50128,OLIN,Olin_0050128,1,True,OK,OK,16.0,1,10.22432988,1.343658077,33.49602056,3.43778,0.059425765,17.37905177
OLIN_50129,50129,OLIN,Olin_0050129,1,True,OK,OK,12.0,1,9.915247258,1.120573981,24.27553501,3.418790204,0.063637646,13.93007458
OLIN_50130,50130,OLIN,Olin_0050130,1,True,OK,OK,18.0,1,14.68827492,1.578486608,30.95296364,3.48323,0.041360375,21.1787804
OLIN_50131,50131,OLIN,Olin_0050131,1,True,OK,OK,21.0,1,11.77616113,1.082631961,56.15510494,3.86157,0.043767334,17.01693263
OLIN_50132,50132,OLIN,Olin_0050132,1,True,OK,OK,16.0,1,9.894660325,1.815001607,16.81980772,3.47396,0.070962364,15.44880032
OLIN_50134,50134,OLIN,Olin_0050134,1,True,OK,OK,18.0,1,12.60001046,2.078858826,11.3558999,3.68593,0.051711837,18.36026015
OLIN_50135,50135,OLIN,Olin_0050135,1,True,OK,OK,12.0,1,6.963614906,1.014744088,16.7150085,3.6072,0.114825897,9.139650144
OHSU_50142,50142,OHSU,OHSU_0050142,1,True,OK,OK,13.99,1,4.938453852,2.310677141,3.231326068,3.541674439,0.177868587,8.101932168
OHSU_50143,50143,OHSU,OHSU_0050143,1,True,OK,OK,13.79,1,6.182428469,1.999750203,5.808748751,3.21669481,0.181968317,10.55129111
OHSU_50144,50144,OHSU,OHSU_0050144,1,True,OK,OK,10.22,1,4.351603728,2.326376664,3.471994705,3.061019653,0.188475677,7.925595006
OHSU_50145,50145,OHSU,OHSU_0050145,1,True,OK,OK,10.75,1,4.491579902,2.002581568,5.066083836,2.979084536,0.162071991,7.880846249
OHSU_50147,50147,OHSU,OHSU_0050147,1,True,OK,OK,11.35,1,4.806258035,2.419000057,1.904668977,3.174874765,0.147935171,8.202363179
OHSU_50148,50148,OHSU,OHSU_0050148,1,True,OK,OK,12.65,1,3.315785127,2.512032438,2.314448314,3.183651453,0.191134948,6.005133593
OHSU_50149,50149,OHSU,OHSU_0050149,1,True,OK,OK,12.32,1,4.066675297,2.397007594,2.525381158,3.196661488,0.187992717,7.624214114
OHSU_50150,50150,OHSU,OHSU_0050150,1,True,OK,OK,9.42,1,5.426764585,2.809169412,2.607172811,2.856095004,0.145773912,10.05753034
OHSU_50152,50152,OHSU,OHSU_0050152,1,True,OK,OK,9.73,1,5.665895864,1.962653606,6.795603807,2.872282471,0.145487522,10.14938247
OHSU_50153,50153,OHSU,OHSU_0050153,1,True,OK,OK,9.72,1,5.022269255,2.434860842,2.432927913,3.041316052,0.157343129,8.478206229
OHSU_50156,50156,OHSU,OHSU_0050156,1,True,OK,OK,15.23,1,8.382918734,2.195347512,7.619788023,3.39528975,0.154025101,14.77300479
OHSU_50157,50157,OHSU,OHSU_0050157,1,True,OK,OK,10.5,1,6.483844447,2.05104015,8.822479166,3.022086775,0.128520081,12.43995802
OHSU_50158,50158,OHSU,OHSU_0050158,1,True,OK,OK,11.55,1,4.160109869,2.237633214,1.001062039,3.472177797,0.13436786,7.441060327
OHSU_50159,50159,OHSU,OHSU_0050159,1,True,OK,OK,10.29,1,5.031193091,1.728194153,6.490683524,3.109592095,0.140710783,8.407198193
OHSU_50160,50160,OHSU,OHSU_0050160,1,True,OK,OK,11.45,1,5.069004711,2.591208968,4.235922765,2.994574862,0.136706612,9.452822061
OHSU_50161,50161,OHSU,OHSU_0050161,1,True,OK,OK,9.15,1,3.814229523,2.097904145,1.728964181,3.399484348,0.181598177,6.675669832
OHSU_50162,50162,OHSU,OHSU_0050162,1,True,OK,OK,8.94,1,5.363970122,2.186865219,4.731329006,2.948802401,0.145390479,9.466401932
OHSU_50163,50163,OHSU,OHSU_0050163,1,True,OK,OK,9.4,1,6.217876318,2.428569437,3.282908002,2.91061509,0.144973089,11.33744394
OHSU_50164,50164,OHSU,OHSU_0050164,1,True,OK,OK,8.86,1,5.779594055,2.371467553,3.270664953,3.024295477,0.131922321,10.20906225
OHSU_50167,50167,OHSU,OHSU_0050167,1,True,OK,OK,10.08,1,3.837350129,2.41616899,0.909433776,3.343065552,0.176618314,6.695683691
OHSU_50168,50168,OHSU,OHSU_0050168,1,True,OK,OK,9.69,1,3.456119335,2.371002103,2.226546818,3.112004231,0.185734893,5.899447209
SDSU_50182,50182,SDSU,SDSU_0050182,1,True,OK,OK,16.61,1,10.61294588,8.031614268,0.239384469,3.39133,0.21126899,16.68293512
SDSU_50183,50183,SDSU,SDSU_0050183,1,True,OK,OK,14.14,1,15.96219488,6.657091774,0.739222706,3.10268,0.180482796,21.33503604
SDSU_50184,50184,SDSU,SDSU_0050184,1,True,OK,OK,17.15,1,8.44009057,9.745662119,0.316046556,3.19285,0.208548066,12.9240876
SDSU_50186,50186,SDSU,SDSU_0050186,1,True,OK,OK,12.13,1,11.60576545,7.352854702,0.226365918,3.4375,0.223223621,17.02653643
SDSU_50187,50187,SDSU,SDSU_0050187,1,True,OK,OK,16.48,1,10.33192334,7.021022824,0.836424956,2.96273,0.204497143,14.72475035
SDSU_50188,50188,SDSU,SDSU_0050188,1,True,OK,OK,15.4,1,13.78563867,8.384962071,0.471539097,2.98101,0.172432855,19.90780726
SDSU_50189,50189,SDSU,SDSU_0050189,1,True,OK,OK,16.64,1,13.4068432,8.146615839,0.330814591,3.27433,0.208346552,20.03727588
SDSU_50190,50190,SDSU,SDSU_0050190,1,True,OK,OK,13.99,1,12.61037565,8.295333921,0.266180567,3.20318,0.176652567,16.1733775
SDSU_50193,50193,SDSU,SDSU_0050193,1,True,OK,OK,14.75,1,19.78324254,7.831443006,0.587736586,3.09031,0.168364021,25.82760917
SDSU_50194,50194,SDSU,SDSU_0050194,1,True,OK,OK,13.35,1,14.93628513,6.151842559,0.273306938,3.13804,0.193524378,19.93977443
SDSU_50195,50195,SDSU,SDSU_0050195,1,True,OK,OK,12.58,1,14.5903647,5.915838274,0.401621103,2.93596,0.20246937,19.79204733
SDSU_50196,50196,SDSU,SDSU_0050196,1,True,OK,OK,12.91,1,16.00079673,10.36437929,0.085303718,3.36196,0.203460521,23.23770871
SDSU_50198,50198,SDSU,SDSU_0050198,1,True,OK,OK,15.28,1,12.36543219,8.413894593,0.355044113,3.11173,0.205549171,17.20508967
SDSU_50199,50199,SDSU,SDSU_0050199,1,True,OK,OK,15.53,1,21.3464992,7.071312134,0.952254194,3.08086,0.157647825,30.62032862
SDSU_50202,50202,SDSU,SDSU_0050202,1,True,OK,OK,12.08,1,16.59341021,5.796571877,0.334729368,3.03398,0.238649091,20.32210162
SDSU_50203,50203,SDSU,SDSU_0050203,1,True,OK,OK,16.05,1,14.68273081,8.300194801,0.746149575,3.00552,0.171189767,21.85440004
SDSU_50204,50204,SDSU,SDSU_0050204,1,True,OK,OK,14.86,1,14.01193105,7.028493759,0.520690015,3.10998,0.149947797,21.99018579
SDSU_50205,50205,SDSU,SDSU_0050205,1,True,OK,OK,14.1,2,14.96257271,7.049292751,0.862664797,3.24965,0.177780604,20.21310266
SDSU_50206,50206,SDSU,SDSU_0050206,1,True,OK,OK,8.67,2,14.39625206,7.629002514,0.622809521,3.26422,0.170499882,20.74472091
SDSU_50208,50208,SDSU,SDSU_0050208,1,True,OK,OK,13.78,2,16.21379719,6.628543937,0.69836302,3.12039,0.183560648,22.86561106
SDSU_50209,50209,SDSU,SDSU_0050209,1,True,OK,OK,16.57,1,10.31400658,8.611308891,0.384570751,3.45368,0.205031402,15.08674028
SDSU_50210,50210,SDSU,SDSU_0050210,1,True,OK,OK,16.6,1,13.58215379,8.232862558,0.304126869,3.37083,0.193151139,19.62749517
SDSU_50213,50213,SDSU,SDSU_0050213,1,True,OK,OK,12.38,2,14.4184262,6.996705974,0.381343565,3.05854,0.205961815,20.39369625
SDSU_50214,50214,SDSU,SDSU_0050214,1,True,OK,OK,14.76,1,17.45553926,7.727125314,0.716769136,3.18278,0.187953874,23.41949936
SDSU_50215,50215,SDSU,SDSU_0050215,1,True,OK,OK,16.88,2,9.449000114,7.513092076,0.236459657,3.0414,0.197590833,14.0329015
TRINITY_50232,50232,TRINITY,Trinity_0050232,1,True,OK,OK,23.08,1,10.30849824,1.903008034,17.69570633,4.07407,0.078577571,15.97989653
TRINITY_50233,50233,TRINITY,Trinity_0050233,1,True,OK,OK,20.75,1,6.947645939,1.434462356,10.86937628,4.20876,0.068234149,10.71201961
TRINITY_50234,50234,TRINITY,Trinity_0050234,1,True,OK,OK,15.66,1,7.565669881,1.402133554,13.65688938,4.63314,0.057987971,12.05536666
TRINITY_50236,50236,TRINITY,Trinity_0050236,1,True,OK,OK,19.16,1,6.26219673,1.46887185,6.479193381,4.63216,0.087369451,9.511030565
TRINITY_50237,50237,TRINITY,Trinity_0050237,1,True,OK,OK,21.42,1,7.004004479,1.674990266,11.11398636,4.425869183,0.075519784,10.83346843
TRINITY_50238,50238,TRINITY,no_filename,1,False,OK,OK,18.92,1,9.260876991,1.282298158,16.90822416,4.3216,0.060264574,13.22901436
TRINITY_50239,50239,TRINITY,Trinity_0050239,1,True,OK,OK,17.03,1,5.787896362,1.38549359,8.69258757,4.21524,0.109325759,9.039097648
TRINITY_50240,50240,TRINITY,Trinity_0050240,1,True,OK,OK,15.05,1,9.824616201,1.416304672,19.08178489,4.30196,0.053811091,14.28511311
TRINITY_50241,50241,TRINITY,Trinity_0050241,1,True,OK,OK,17.17,1,9.437814842,1.523645809,21.44477389,4.19944,0.051641666,15.30516963
TRINITY_50244,50244,TRINITY,no_filename,1,False,OK,OK,25.91,1,5.44571607,1.722319085,10.49607547,4.23607,0.103976891,8.0959123
TRINITY_50245,50245,TRINITY,Trinity_0050245,1,True,OK,OK,21.58,1,8.465338117,1.254073673,19.04110869,4.13065,0.061807569,13.31509735
TRINITY_50247,50247,TRINITY,Trinity_0050247,1,True,OK,OK,12.0,1,7.627117918,2.54631004,12.71826921,3.79653,0.15342361,11.553701
TRINITY_50248,50248,TRINITY,Trinity_0050248,1,True,OK,OK,13.58,1,7.556542859,1.707433385,8.099167744,3.82879,0.080187979,11.27110548
TRINITY_50249,50249,TRINITY,Trinity_0050249,1,True,OK,OK,13.83,1,6.699945544,1.660288607,7.22397117,4.21379,0.09210728,10.08424265
TRINITY_50251,50251,TRINITY,Trinity_0050251,1,True,OK,OK,17.25,1,4.997242558,1.397840507,8.828284021,4.13942,0.080706264,8.601552185
TRINITY_50252,50252,TRINITY,Trinity_0050252,1,True,OK,OK,15.25,1,6.541253007,1.857318868,6.530068083,3.72012,0.104124454,11.4522152
TRINITY_50253,50253,TRINITY,Trinity_0050253,1,True,OK,OK,18.01,1,8.27702341,1.43314301,15.90855567,4.372620261,0.072809132,12.52763326
TRINITY_50254,50254,TRINITY,Trinity_0050254,1,True,OK,OK,19.41,1,13.72954272,1.503915889,26.53313911,4.30761,0.060490548,20.21841282
TRINITY_50255,50255,TRINITY,Trinity_0050255,1,True,OK,OK,14.41,1,11.99363837,1.435654391,25.22824183,4.391110262,0.056809591,17.44441408
TRINITY_50260,50260,TRINITY,Trinity_0050260,1,True,OK,OK,20.33,1,7.644558103,1.279240956,12.41205004,4.64108,0.078211655,11.61703084
TRINITY_50261,50261,TRINITY,Trinity_0050261,1,True,OK,OK,20.08,1,6.273193441,1.461030401,6.339881991,4.62369,0.078957893,9.43820239
TRINITY_50262,50262,TRINITY,Trinity_0050262,1,True,OK,OK,21.33,1,5.414386584,1.551154343,5.380645108,4.402390262,0.104500232,8.978710627
TRINITY_50263,50263,TRINITY,Trinity_0050263,1,True,OK,OK,19.08,1,6.839135648,1.59250262,11.84018865,4.105960245,0.065081564,11.21655431
TRINITY_50264,50264,TRINITY,Trinity_0050264,1,True,OK,OK,25.66,1,6.124866508,1.373487789,10.84803082,4.3073,0.070847504,9.627399803
TRINITY_50266,50266,TRINITY,Trinity_0050266,1,True,OK,OK,15.91,1,7.489974138,1.465869392,11.23348029,3.84697,0.062026388,11.61510732
TRINITY_50267,50267,TRINITY,Trinity_0050267,1,True,OK,OK,17.5,1,9.503839121,1.555176312,18.37273702,4.19928,0.045788045,15.84143137
TRINITY_50268,50268,TRINITY,Trinity_0050268,1,True,OK,OK,14.41,1,9.108693639,1.336633967,23.77198757,4.0832,0.051779868,14.02716852
TRINITY_50269,50269,TRINITY,Trinity_0050269,1,True,OK,OK,14.66,1,4.430610517,1.650594899,0.783760912,4.44416,0.116223901,6.98075385
TRINITY_50270,50270,TRINITY,Trinity_0050270,1,True,OK,OK,19.33,1,8.207110091,1.474324908,15.07709271,4.46796,0.064749918,12.96005835
TRINITY_50271,50271,TRINITY,Trinity_0050271,1,True,OK,OK,19.66,1,4.398324167,1.584274743,2.390238808,4.879780291,0.112934571,7.195170544
UM_50273,50273,UM,UM_1_0050273,1,True,OK,OK,16.8,1,10.49356847,2.464713209,22.69000736,2.717591896,0.003576481,25.90107356
UM_50274,50274,UM,UM_1_0050274,1,True,OK,OK,14.2,1,11.30528569,4.085965059,4.95090682,2.700339558,0.004101028,25.10832201
UM_50278,50278,UM,UM_1_0050278,1,True,OK,OK,11.3,2,10.98586477,9.96358621,0.265646271,2.608884287,0.002401657,18.57317091
UM_50279,50279,UM,UM_1_0050279,1,True,OK,OK,12.2,1,8.124882784,0.392429089,607.8230234,3.255102673,0.006366198,20.70424158
UM_50280,50280,UM,UM_1_0050280,1,True,OK,OK,15.6,1,9.776343165,5.991025659,4.466112577,3.183553179,0.004720136,19.8698984
UM_50282,50282,UM,UM_1_0050282,1,True,OK,OK,15.2,1,16.65265048,0.433343237,1734.146859,3.213116851,0.001309488,36.12227522
UM_50284,50284,UM,UM_1_0050284,1,True,OK,OK,11.2,2,11.39563225,6.907430468,0.858470015,2.691355827,0.005572853,20.14875275
UM_50285,50285,UM,UM_1_0050285,1,True,OK,OK,12.8,2,7.162785421,6.810727614,1.697725025,2.739340569,0.005321236,13.08564832
UM_50286,50286,UM,UM_1_0050286,1,True,OK,OK,11.2,1,8.124882784,0.392429089,607.8230234,3.255102673,0.006366198,20.70424158
UM_50287,50287,UM,UM_1_0050287,1,True,OK,OK,14.4,1,11.45273979,9.117328409,0.686273543,2.948540813,0.005786699,26.76846263
UM_50289,50289,UM,UM_1_0050289,1,True,OK,OK,12.9,1,11.14505435,15.09615403,1.192243203,3.476739474,0.005093331,18.01982236
UM_50290,50290,UM,UM_1_0050290,1,True,OK,OK,14.0,1,9.807163567,10.42651699,1.220014555,2.977914484,0.009115491,18.61615388
UM_50291,50291,UM,UM_1_0050291,1,True,OK,OK,13.9,1,14.22660257,8.88094631,2.64115184,2.809074673,0.00066975,26.72761262
UM_50292,50292,UM,UM_1_0050292,1,True,OK,OK,12.6,1,12.46870321,8.089479728,5.606192607,2.662380163,0.001425557,21.76946718
UM_50293,50293,UM,UM_1_0050293,1,True,OK,OK,12.4,1,6.734931623,11.56519361,6.474996154,2.70437756,0.002896099,11.72042179
UM_50294,50294,UM,UM_1_0050294,1,True,OK,OK,12.6,1,4.722189078,9.579272907,6.00320832,2.674217643,0.00567308,10.11969438
UM_50295,50295,UM,UM_1_0050295,1,True,OK,OK,11.5,1,8.767957824,10.58184301,0.993748396,2.753001468,0.005849083,16.9927177
UM_50297,50297,UM,UM_1_0050297,1,True,OK,OK,15.9,1,13.02832315,8.223810121,2.393008384,2.794875005,0.003217942,27.87030028
UM_50298,50298,UM,UM_1_0050298,1,True,OK,OK,12.8,1,12.61299615,13.52664286,2.49190713,2.687143322,0.002142701,21.98712559
UM_50300,50300,UM,UM_1_0050300,1,True,OK,OK,9.7,2,11.16055823,13.2508504,0.247120164,2.626460755,0.001946322,18.0771339
UM_50301,50301,UM,UM_1_0050301,1,True,OK,OK,16.1,1,14.28171139,9.56469839,4.67648425,2.969606117,0.001707488,31.22923486
UM_50302,50302,UM,UM_1_0050302,1,True,OK,OK,10.4,2,8.039235623,0.36770045,249.9836505,2.796396714,0.003499481,13.64553001
UM_50304,50304,UM,UM_1_0050304,1,True,OK,OK,11.0,1,7.384029751,0.438355724,339.1340408,3.176570186,0.005539488,15.98064418
UM_50310,50310,UM,UM_1_0050310,1,True,OK,OK,9.7,1,7.898186571,17.30830039,-0.928308704,3.009111206,0.008064204,14.4667089
UM_50312,50312,UM,UM_1_0050312,1,True,OK,OK,11.2,1,9.876954094,0.407264204,465.3131108,3.068671839,0.003566761,19.27838838
UM_50314,50314,UM,UM_1_0050314,1,True,OK,OK,16.1,1,18.84935568,11.89154628,2.271698131,3.210425214,0.00067993,42.12854632
UM_50315,50315,UM,UM_1_0050315,1,True,OK,OK,13.4,1,16.81817896,18.03649429,1.58318454,3.050528897,0.001491615,31.77717834
UM_50318,50318,UM,UM_1_0050318,1,True,OK,OK,9.2,1,11.17013849,10.52429062,0.57226596,2.632011838,0.003055545,21.03848081
UM_50319,50319,UM,UM_1_0050319,1,True,OK,OK,15.0,2,13.32314582,0.399341969,937.1688122,2.998316715,0.002253611,26.58903516
UM_50320,50320,UM,UM_1_0050320,1,True,OK,OK,18.6,1,12.41650725,0.442376649,1093.824829,3.745353274,0.005656355,28.61662404
UM_50321,50321,UM,UM_1_0050321,1,True,OK,OK,18.0,2,10.54401967,17.49288257,-0.810359306,3.128251099,0.00708061,21.27370829
UM_50324,50324,UM,UM_1_0050324,1,True,OK,OK,13.8,1,10.36709248,33.31837044,-1.340557462,3.21224137,0.005406058,22.15356559
UM_50325,50325,UM,UM_1_0050325,1,True,OK,OK,13.1,1,13.04077491,0.414400046,819.5081512,3.02774777,0.003857754,25.28674284
UM_50327,50327,UM,UM_1_0050327,1,True,OK,OK,15.3,1,12.8630994,2.545375515,29.15059464,2.657619908,0.002386436,29.55918081
UM_50329,50329,UM,UM_1_0050329,1,True,OK,OK,17.1,1,13.65809658,17.69173466,0.312896372,3.084700588,0.006214873,29.08944481
UM_50330,50330,UM,UM_1_0050330,1,True,OK,OK,16.1,1,15.97616375,6.490736488,2.46543843,2.772647415,0.003916404,29.42178039
UM_50331,50331,UM,UM_1_0050331,1,True,OK,OK,17.2,1,11.77752359,7.265344083,2.74027556,2.801837708,0.002550851,26.615642
UM_50332,50332,UM,UM_1_0050332,1,True,OK,OK,10.4,1,11.32135402,25.09053226,-3.123742768,2.850407598,0.00180721,22.20561797
UM_50333,50333,UM,UM_1_0050333,1,True,OK,OK,10.2,1,6.219088824,12.30541958,1.201939476,2.615606441,0.004615336,11.65657746
UM_50334,50334,UM,UM_1_0050334,1,True,OK,OK,11.0,1,12.59866644,11.25280276,2.081069809,2.817302518,0.005607273,22.42013814
UM_50335,50335,UM,UM_1_0050335,1,True,OK,OK,17.8,1,13.91343379,6.858567732,3.705594368,2.864802838,0.003067234,28.59218458
UM_50336,50336,UM,UM_1_0050336,1,True,OK,OK,14.3,2,7.149535805,8.878225895,3.632117399,2.727902118,0.003967434,13.11340933
UM_50338,50338,UM,UM_1_0050338,1,True,OK,OK,13.5,2,16.45242048,9.311546696,2.038188216,2.903473709,0.003733749,28.09231929
UM_50339,50339,UM,UM_1_0050339,1,True,OK,OK,18.0,1,11.70563295,7.285355396,3.812838082,2.824574871,0.00182858,24.17395053
UM_50340,50340,UM,UM_1_0050340,1,True,OK,OK,16.1,2,14.38824951,10.9788771,4.469218071,3.019964066,0.00176721,29.87322416
UM_50341,50341,UM,UM_1_0050341,1,True,OK,OK,18.2,2,9.006926864,10.27467341,15.7636456,3.097040392,0.004678878,17.27574113
UM_50342,50342,UM,UM_1_0050342,1,True,OK,OK,12.6,1,10.90848633,11.20722956,0.099409046,2.93987971,0.007941554,18.98421009
UM_50343,50343,UM,UM_1_0050343,1,True,OK,OK,13.8,2,17.69987961,12.80174625,0.043498873,2.802041193,0.000451496,30.61947965
UM_50344,50344,UM,UM_1_0050344,1,True,OK,OK,18.2,1,11.55409308,7.094105351,4.522489902,2.786762173,0.001967889,25.20164418
UM_50345,50345,UM,UM_1_0050345,1,True,OK,OK,17.3,1,23.82184815,17.08936602,-0.312292079,2.92897118,0.001203901,40.79918934
UM_50346,50346,UM,UM_1_0050346,1,True,OK,OK,18.9,1,12.33250948,9.25704812,1.602926054,2.699777045,0.004032015,27.83226136
UM_50347,50347,UM,UM_1_0050347,1,True,OK,OK,15.6,1,9.004929128,22.75842926,-1.291647685,3.444954366,0.008517258,18.05640086
UM_50348,50348,UM,UM_1_0050348,1,True,OK,OK,19.2,2,12.37179632,9.199008052,1.319246056,3.143974943,0.005585771,25.04244964
UM_50349,50349,UM,UM_1_0050349,1,True,OK,OK,18.9,1,8.470788085,8.716366703,2.883631807,2.821442981,0.006513219,17.14834993
UM_50350,50350,UM,UM_1_0050350,1,True,OK,OK,12.4,1,8.96918631,9.464051992,1.994099197,2.623868541,0.00427283,16.28195584
UM_50351,50351,UM,UM_1_0050351,1,True,OK,OK,16.8,1,9.301319796,6.488338739,2.12567768,2.756959408,0.004005083,20.83908749
UM_50353,50353,UM,UM_1_0050353,1,True,OK,OK,13.1,2,15.58956596,17.54862716,4.946219004,2.750294242,0.001025143,25.87174411
UM_50354,50354,UM,UM_1_0050354,1,True,OK,OK,14.0,2,11.10705944,0.402913153,611.7330842,3.213574985,0.007674488,21.19094827
UM_50355,50355,UM,UM_1_0050355,1,True,OK,OK,10.9,1,11.40115907,11.31809501,1.99269799,3.300940541,0.005398175,21.57426619
UM_50356,50356,UM,UM_1_0050356,1,True,OK,OK,17.2,2,12.8544244,10.66901039,1.806974186,3.175974114,0.002625999,25.51480332
UM_50357,50357,UM,UM_1_0050357,1,True,OK,OK,9.5,2,6.920733306,12.53268136,-0.209593347,2.723341246,0.005205356,10.62969388
UM_50358,50358,UM,UM_1_0050358,1,True,OK,OK,9.8,1,16.76742606,14.81308723,9.743231907,2.838650678,0.001303863,26.53641426
UM_50359,50359,UM,UM_1_0050359,1,True,OK,OK,10.4,1,10.31207684,18.5234786,-0.979116317,3.141718601,0.006801703,21.82613372
UM_50360,50360,UM,UM_1_0050360,1,True,OK,OK,13.9,1,7.013671393,8.854755643,4.775191208,2.684276847,0.002503901,14.59155374
UM_50361,50361,UM,UM_1_0050361,1,True,OK,OK,18.3,2,9.591195573,0.403833486,605.4118383,3.206438982,0.004812665,21.18695738
UM_50362,50362,UM,UM_1_0050362,1,True,OK,OK,11.2,1,11.36094064,19.041379,1.061683194,2.869807315,0.004572836,22.17120529
UM_50363,50363,UM,UM_1_0050363,1,True,OK,OK,9.8,1,6.895096988,17.84938847,0.180260645,2.833120945,0.010833915,13.71333255
UM_50364,50364,UM,UM_1_0050364,1,True,OK,OK,10.8,1,11.44344794,0.406637916,739.9602407,3.193362652,0.002807116,23.76227945
UM_50365,50365,UM,UM_1_0050365,1,True,OK,OK,15.6,1,15.83527343,20.90722636,-1.171759903,2.99635154,0.000733331,38.01940828
UM_50366,50366,UM,UM_1_0050366,1,True,OK,OK,8.2,1,8.91718424,14.32355681,0.670773742,2.816188775,0.0079128,17.4205207
UM_50367,50367,UM,UM_1_0050367,1,True,OK,OK,10.8,1,12.17176837,0.407580246,877.0078461,3.058110188,0.00149549,25.94411374
UM_50368,50368,UM,UM_1_0050368,1,True,OK,OK,17.9,1,11.87504482,12.37190782,1.635444595,3.109250261,0.004838059,28.81464678
UM_50369,50369,UM,UM_1_0050369,1,True,OK,OK,14.8,2,22.87520055,16.87348255,0.525174865,2.986143806,0.000707846,45.75671491
UM_50370,50370,UM,UM_1_0050370,1,True,OK,OK,12.8,1,8.049847152,0.400389348,340.1905338,2.965262659,0.003245792,16.27077651
UM_50372,50372,UM,UM_1_0050372,1,True,OK,OK,10.2,1,10.20320247,21.03115284,0.227076451,3.35958292,0.007751952,20.99395423
UM_50373,50373,UM,UM_1_0050373,1,True,OK,OK,17.2,2,9.276851854,12.13733245,0.328962748,3.032805068,0.005488294,19.87945168
UM_50374,50374,UM,UM_1_0050374,1,True,OK,OK,9.7,2,16.55209548,17.22004164,-0.392002605,2.98987857,0.001607012,31.14999579
UM_50375,50375,UM,UM_1_0050375,1,True,OK,OK,11.6,2,15.90682195,0.367866847,1394.341075,3.06232926,0.001247329,32.3530226
UM_50376,50376,UM,UM_1_0050376,1,True,OK,OK,9.2,1,12.65615508,12.01195014,-0.353441955,3.135478472,0.008965771,23.90938714
UM_50377,50377,UM,UM_1_0050377,1,True,OK,OK,11.5,1,10.75369168,12.14178282,0.204172759,2.716467791,0.003131402,19.58882611
UM_50378,50378,UM,no_filename,1,False,OK,OK,11.6,1,10.50902437,12.85563021,0.281090085,3.006456823,0.004435632,22.24241511
UM_50379,50379,UM,UM_1_0050379,1,True,OK,OK,14.3,2,12.62515234,10.03720151,0.415611062,2.954673067,0.004056556,24.1319188
UM_50380,50380,UM,UM_1_0050380,1,True,OK,OK,17.4,2,13.12400331,9.961287354,2.091175188,2.856377067,0.004211481,24.87840604
UM_50381,50381,UM,UM_1_0050381,1,True,OK,OK,16.5,1,13.42805996,11.7105723,0.786405123,3.122700178,0.006785117,26.75483487
UM_50382,50382,UM,UM_2_0050382,1,True,OK,OK,28.8,1,16.16057758,6.173010916,1.030189061,3.700722382,0.110759602,23.17769423
UM_50383,50383,UM,UM_2_0050383,1,True,OK,OK,14.4,1,17.38402087,5.933372521,0.351104676,3.49957602,0.173729647,22.66115547
UM_50385,50385,UM,UM_2_0050385,1,True,OK,OK,17.8,1,21.77183319,6.391707889,1.00730028,3.475993921,0.09346619,28.46176425
UM_50386,50386,UM,UM_2_0050386,1,True,OK,OK,17.8,1,19.65624978,5.869008068,1.090791664,3.764986395,0.112901408,24.64800409
UM_50387,50387,UM,UM_2_0050387,1,True,OK,OK,14.0,1,11.431878,5.530860889,0.459892734,3.793262561,0.1435304,14.24013914
UM_50388,50388,UM,UM_2_0050388,1,True,OK,OK,26.8,1,16.03603175,4.542867437,0.898975795,3.368868604,0.140337198,19.08821709
UM_50390,50390,UM,UM_2_0050390,1,True,OK,OK,14.5,1,18.5724546,5.653418635,0.799136813,3.370377412,0.132028471,23.53326147
UM_50391,50391,UM,UM_2_0050391,1,True,OK,OK,17.2,1,18.05632537,6.149163967,0.857850783,3.751472325,0.100353878,25.15616217
UM_50397,50397,UM,UM_2_0050397,1,True,OK,OK,14.7,1,14.63893856,13.43036031,2.343141862,3.151246439,0.001497623,28.81040136
UM_50399,50399,UM,UM_2_0050399,1,True,OK,OK,17.4,1,13.76187589,15.91431742,1.165005379,3.259936445,0.004953072,31.0033176
USM_50433,50433,USM,USM_0050433,1,True,OK,OK,18.7379,1,12.69758611,3.043329627,1.250453293,4.729644778,0.052826416,20.03880632
USM_50434,50434,USM,USM_0050434,1,True,OK,OK,18.2615,1,13.29606386,2.647208718,4.025909305,4.76442048,0.038666403,22.77124053
USM_50435,50435,USM,USM_0050435,1,True,OK,OK,16.104,1,13.17325514,2.888209136,1.951923872,4.883521282,0.071424653,19.54097333
USM_50437,50437,USM,USM_0050437,1,True,OK,OK,14.9432,1,13.18878705,3.323873483,1.272416658,5.011002311,0.060220854,21.83234813
USM_50438,50438,USM,USM_0050438,1,True,OK,OK,15.0253,1,14.48131765,5.803780141,-1.7138715,5.199445384,0.056396463,21.39673536
USM_50439,50439,USM,USM_0050439,1,True,OK,OK,22.601,1,12.0191178,3.775735742,1.111674016,4.798419404,0.047238109,20.89015296
USM_50440,50440,USM,USM_0050440,1,True,OK,OK,23.948,1,11.2150262,2.580175415,3.997361379,4.861009692,0.055373012,20.13984949
USM_50442,50442,USM,USM_0050442,1,True,OK,OK,26.8528,1,11.7288527,3.187386267,2.481023052,4.886240001,0.047159975,21.12010985
USM_50443,50443,USM,USM_0050443,1,True,OK,OK,17.0705,1,12.03286263,2.640406009,3.077713514,4.860546613,0.074482104,17.81685622
USM_50444,50444,USM,USM_0050444,1,True,OK,OK,24.9884,1,14.35185118,3.572672054,8.526395247,5.10490268,0.025117928,28.44399765
USM_50445,50445,USM,USM_0050445,1,True,OK,OK,18.1383,1,13.81216335,2.858022564,3.201796354,4.626497777,0.040737051,21.84634891
USM_50446,50446,USM,USM_0050446,1,True,OK,OK,27.3238,1,10.69074232,2.797244469,3.262647108,4.819138433,0.068212598,18.98034933
USM_50447,50447,USM,USM_0050447,1,True,OK,OK,12.9391,1,12.87173687,4.93438475,-1.349227336,4.693210957,0.073829459,19.79382965
USM_50449,50449,USM,USM_0050449,1,True,OK,OK,18.2177,1,12.31431391,2.828272463,1.751274427,4.599952923,0.056413526,18.34735426
USM_50450,50450,USM,no_filename,1,False,OK,OK,21.0979,1,11.81615618,3.187551202,1.38997719,5.009493572,0.066453119,19.09510176
USM_50451,50451,USM,no_filename,1,False,OK,OK,12.5257,1,13.36228539,3.150973031,2.325441239,5.253117676,0.040511858,22.85625389
USM_50453,50453,USM,USM_0050453,1,True,OK,OK,8.7721,1,13.14411435,2.571871892,1.780867174,4.315906547,0.072764268,19.33068495
USM_50454,50454,USM,no_filename,1,False,OK,OK,18.8008,1,13.05049994,3.567339039,0.494774035,4.798912359,0.059205054,20.51818222
USM_50455,50455,USM,USM_0050455,1,True,OK,OK,31.2827,1,10.31185236,2.465117545,5.379637771,4.84874558,0.067451258,18.57547052
USM_50456,50456,USM,no_filename,1,False,OK,OK,16.0986,1,12.21240066,2.550917676,4.670468858,4.965755061,0.059162311,18.92500332
USM_50464,50464,USM,no_filename,1,False,OK,OK,9.9548,1,14.04598153,2.832375897,2.27453825,4.800465912,0.060291474,20.91778272
USM_50467,50467,USM,USM_0050467,1,True,OK,OK,19.7591,1,11.7966133,2.301492788,5.327443037,4.919417335,0.041773671,19.65554526
USM_50468,50468,USM,USM_0050468,1,True,OK,OK,39.3949,1,11.41212726,2.8706546,4.796727451,4.967622313,0.051789016,21.16321375
USM_50469,50469,USM,USM_0050469,1,True,OK,OK,28.5613,1,12.99174654,3.355426228,3.472394256,5.22116526,0.040455285,24.35370265
USM_50470,50470,USM,USM_0050470,1,True,OK,OK,9.9165,1,14.02717272,3.263362615,0.824527844,4.835749506,0.069882268,21.66651978
USM_50471,50471,USM,no_filename,1,False,OK,OK,25.0157,1,12.1359431,3.158907837,2.374653049,4.846385374,0.046397169,21.42846542
USM_50472,50472,USM,no_filename,1,False,OK,OK,22.1081,1,13.39062118,2.343047173,5.503768671,5.240913317,0.039441155,19.79458175
USM_50473,50473,USM,no_filename,1,False,OK,OK,22.4367,1,11.89575263,2.404980909,4.661876398,4.95265442,0.049936658,18.07088465
USM_50474,50474,USM,no_filename,1,False,OK,OK,22.0479,1,12.17944153,2.832216043,2.305753918,4.941540536,0.051760738,20.26195284
USM_50475,50475,USM,no_filename,1,False,OK,OK,21.6482,1,11.93918084,3.598565297,1.297966108,5.002308386,0.049290074,22.4122951
USM_50476,50476,USM,no_filename,1,False,OK,OK,20.1697,1,11.64271874,0.43092181,463.9051233,4.608258459,0.058907639,21.09738984
USM_50477,50477,USM,USM_0050477,1,True,OK,OK,20.1807,1,13.31184241,2.316845196,5.028586058,4.878726179,0.042362485,20.0481589
USM_50478,50478,USM,no_filename,1,False,OK,OK,20.178,1,13.50241966,2.455370956,4.728649808,4.756906658,0.056161565,20.37985895
USM_50479,50479,USM,no_filename,1,False,OK,OK,22.8802,1,11.41167371,2.867279276,4.517854107,5.369484821,0.053095807,20.59584605
USM_50481,50481,USM,USM_0050481,1,True,OK,OK,17.1663,1,13.71037071,3.03012849,2.967298257,5.132000242,0.04660761,21.64300592
USM_50482,50482,USM,USM_0050482,1,True,OK,OK,27.4114,1,14.41912039,2.395934884,5.02001048,4.871107791,0.036673314,20.38090373
USM_50483,50483,USM,USM_0050483,1,True,OK,OK,21.4346,1,13.27105523,2.454601991,5.260138357,4.862369051,0.043837746,22.11005519
USM_50484,50484,USM,no_filename,1,False,OK,OK,19.7043,1,10.99175589,3.166374168,2.234565467,4.846773762,0.071293392,19.93955003
USM_50485,50485,USM,USM_0050485,1,True,OK,OK,23.5948,1,11.94987722,2.758531753,3.309400832,4.783048186,0.054389219,19.62266095
USM_50487,50487,USM,USM_0050487,1,True,OK,OK,25.7972,1,5.53222742,1.832941689,6.064437348,4.23808,0.107796786,10.78176921
USM_50488,50488,USM,USM_0050488,1,True,OK,OK,25.4511,1,11.95477926,2.876046878,4.437633401,5.06032764,0.061325769,21.76163277
USM_50490,50490,USM,USM_0050490,1,True,OK,OK,19.6277,1,11.26208873,2.69272038,4.979409144,5.283352221,0.071183021,20.4842885
USM_50491,50491,USM,USM_0050491,1,True,OK,OK,26.9487,1,11.6971203,2.997842988,3.659925678,4.982814275,0.049922158,20.2471949
USM_50492,50492,USM,USM_0050492,1,True,OK,OK,32.5503,1,11.0283607,2.88394266,6.130659554,5.55622496,0.038984691,23.24381001
USM_50493,50493,USM,USM_0050493,1,True,OK,OK,35.7098,1,9.787733301,2.915731632,4.95031513,5.501626512,0.058006992,21.63011111
USM_50494,50494,USM,USM_0050494,1,True,OK,OK,37.7769,1,12.78276731,3.122949848,3.98222708,4.993375452,0.037801199,23.87349199
USM_50495,50495,USM,no_filename,1,False,OK,OK,22.5599,1,12.38038821,2.957292934,4.756502886,5.30655096,0.03670345,23.57009966
USM_50496,50496,USM,USM_0050496,1,True,OK,OK,24.3231,1,9.189184725,2.917305518,3.45219723,5.530800457,0.059053091,18.65995591
USM_50498,50498,USM,USM_0050498,1,True,OK,OK,21.1307,1,13.05825893,3.347928892,2.446314899,4.896128968,0.037043756,22.34400402
USM_50499,50499,USM,USM_0050499,1,True,OK,OK,25.4346,1,12.83736685,2.737347596,5.217702472,4.71623044,0.040894451,21.93938077
USM_50500,50500,USM,USM_0050500,1,True,OK,OK,17.2375,1,11.19952522,3.041866029,2.156589334,4.861666964,0.058515117,17.84860633
USM_50501,50501,USM,USM_0050501,1,True,OK,OK,17.7057,1,13.34404339,2.683562906,2.798982842,4.710837816,0.053701178,20.1710405
USM_50502,50502,USM,USM_0050502,1,True,OK,OK,32.9582,1,11.19167739,2.883038869,4.723591124,4.906854463,0.04821161,21.61740992
USM_50503,50503,USM,USM_0050503,1,True,OK,OK,28.6708,1,15.15143,2.731407961,4.783919808,5.018635637,0.034795146,25.49145596
USM_50504,50504,USM,USM_0050504,1,True,OK,OK,17.6454,1,10.71754328,2.599175952,3.473147429,4.845802791,0.064550426,17.52220977
USM_50506,50506,USM,no_filename,1,False,OK,OK,15.9343,1,12.94342677,2.438348628,3.800203711,4.672402301,0.051312856,18.59341447
USM_50507,50507,USM,USM_0050507,1,True,OK,OK,28.1095,1,13.20069105,2.232624783,7.22761601,4.983546238,0.043119883,23.51603144
USM_50509,50509,USM,USM_0050509,1,True,OK,OK,16.7337,1,11.16219933,2.938208318,2.029980605,5.073308776,0.095272979,16.03004427
USM_50510,50510,USM,USM_0050510,1,True,OK,OK,14.1437,1,12.96090689,2.71198764,1.61967764,4.859351572,0.058322425,19.23961771
USM_50512,50512,USM,no_filename,1,False,OK,OK,15.4908,1,13.29667169,2.258227402,5.348326168,4.776102008,0.062370419,18.02944586
USM_50514,50514,USM,USM_0050514,1,True,OK,OK,21.4018,1,14.93163435,2.433720245,4.19641936,4.947411177,0.040801737,21.04356891
USM_50516,50516,USM,USM_0050516,1,True,OK,OK,17.1143,1,13.27511071,3.668298641,0.450800114,5.023624935,0.049556535,20.27505597
USM_50518,50518,USM,USM_0050518,1,True,OK,OK,18.6585,1,12.51881,2.57239778,3.381642635,4.810429569,0.055943995,18.88735653
USM_50519,50519,USM,USM_0050519,1,True,OK,OK,16.3778,1,10.25528199,4.031938012,3.219560848,5.557599258,0.066201304,20.65252882
USM_50520,50520,USM,USM_0050520,1,True,OK,OK,17.6728,1,15.43925432,3.609734655,0.092161688,4.84611649,0.045997646,20.94579892
USM_50521,50521,USM,USM_0050521,1,True,OK,OK,18.4175,1,13.59349465,2.198096924,8.137767145,5.322310567,0.058758498,21.76015253
USM_50522,50522,USM,no_filename,1,False,OK,OK,14.7515,1,11.24776228,2.36349356,7.815417086,5.560168597,0.051026968,20.64153803
USM_50523,50523,USM,USM_0050523,1,True,OK,OK,17.3251,1,11.48950335,3.231310853,2.724957475,5.124456543,0.052658322,21.52368688
USM_50525,50525,USM,USM_0050525,1,True,OK,OK,32.8487,1,11.57586759,2.834977537,5.456803849,5.423306493,0.05397201,21.74826638
USM_50526,50526,USM,USM_0050526,1,True,OK,OK,50.2231,1,11.71788218,2.15340463,10.617492,5.1919465,0.049908457,21.46170304
USM_50527,50527,USM,USM_0050527,1,True,OK,OK,18.4148,1,12.8956859,3.035469947,2.532699018,4.778731099,0.050737479,20.28733077
USM_50529,50529,USM,USM_0050529,1,True,OK,OK,42.3354,1,11.52656108,2.621009164,5.756720016,5.497906946,0.053735184,20.85858375
USM_50530,50530,USM,USM_0050530,1,True,OK,OK,18.245,1,13.54931967,2.533399465,4.570877497,4.800585417,0.062023639,20.92835181
USM_50531,50531,USM,USM_0050531,1,True,OK,OK,28.0903,1,12.95779705,2.797198783,9.335080929,5.630556529,0.031094133,28.17756851
USM_50532,50532,USM,USM_0050532,1,True,OK,OK,16.9199,1,12.08910334,2.421043196,4.612552371,5.055069459,0.05122249,20.90189364
YALE_50551,50551,YALE,Yale_0050551,1,True,OK,OK,15.92,1,23.19002541,1.090423726,141.074431,4.74913,0.053208177,30.73056579
YALE_50552,50552,YALE,Yale_0050552,1,True,OK,OK,12.75,1,25.26182697,1.03199928,195.1370335,5.10836,0.055741056,34.31990908
YALE_50555,50555,YALE,Yale_0050555,1,True,OK,OK,14.42,2,22.47067855,1.643720051,58.69148348,4.9131,0.1140167,31.15196347
YALE_50557,50557,YALE,Yale_0050557,1,True,OK,OK,14.25,2,10.11744054,1.167459353,45.34562309,3.82785,0.069872046,21.44802422
YALE_50558,50558,YALE,Yale_0050558,1,True,OK,OK,13.75,2,14.89735677,0.901835345,121.415752,3.71608,0.028393466,26.89050459
YALE_50561,50561,YALE,Yale_0050561,1,True,OK,OK,13.33,1,7.965452395,1.539633276,10.37275895,4.61354,0.181845624,12.05990016
YALE_50563,50563,YALE,Yale_0050563,1,True,OK,OK,13.92,2,41.38708911,0.986003837,661.039575,4.56596,0.048990696,67.04234771
YALE_50568,50568,YALE,Yale_0050568,1,True,OK,OK,13.92,1,48.20954422,1.405480899,254.1721622,4.96681,0.059323045,59.94164587
YALE_50569,50569,YALE,Yale_0050569,1,True,OK,OK,16.66,2,40.81112533,0.850644033,977.4412301,4.65332,0.042210144,67.29826527
YALE_50572,50572,YALE,Yale_0050572,1,True,OK,OK,15.75,2,22.12382652,0.960904946,209.8010071,4.76933,0.054463668,33.32594835
YALE_50578,50578,YALE,Yale_0050578,1,True,OK,OK,12.33,1,24.50683612,1.330797422,152.0517523,5.03957,0.118214664,38.27423499
YALE_50601,50601,YALE,Yale_0050601,1,True,OK,OK,14.33,1,28.12496489,1.13573657,205.3277,5.00014,0.061037997,39.23626371
YALE_50602,50602,YALE,Yale_0050602,1,True,OK,OK,10.0,1,11.51320248,1.230315006,47.00556901,3.76514,0.088654633,24.94153123
YALE_50603,50603,YALE,Yale_0050603,1,True,OK,OK,13.25,1,23.71773904,2.719560648,24.48649593,5.23306,0.117157654,39.28419268
YALE_50604,50604,YALE,Yale_0050604,1,True,OK,OK,14.42,2,9.577786967,1.075625175,28.51508052,4.42241,0.122128532,13.32787682
YALE_50606,50606,YALE,Yale_0050606,1,True,OK,OK,16.42,1,8.49514154,1.31930718,14.08441473,4.99255,0.139930633,12.56081959
YALE_50607,50607,YALE,Yale_0050607,1,True,OK,OK,17.17,1,19.07801871,1.806194726,47.78856919,4.85229,0.123832011,31.90378328
YALE_50608,50608,YALE,Yale_0050608,1,True,OK,OK,16.58,1,7.862069726,1.650442236,10.2772886,4.35632,0.179750482,12.96254512
YALE_50612,50612,YALE,Yale_0050612,1,True,OK,OK,11.83,1,35.68317596,0.861167377,782.9678292,4.78478,0.052956428,55.08891107
YALE_50613,50613,YALE,Yale_0050613,1,True,OK,OK,12.5,1,22.00411331,0.908290732,230.0346539,4.57819,0.060195113,31.80145734
YALE_50614,50614,YALE,Yale_0050614,1,True,OK,OK,17.75,1,32.11041668,0.904326288,398.8257166,4.75058,0.056811798,43.62742632
YALE_50615,50615,YALE,Yale_0050615,1,True,OK,OK,8.58,2,39.795267,0.726128961,915.4852204,4.72208,0.041604827,58.25367127
YALE_50616,50616,YALE,Yale_0050616,1,True,OK,OK,11.83,1,21.88882845,1.111196167,217.6511597,4.95485,0.057266589,39.26056724
YALE_50619,50619,YALE,Yale_0050619,1,True,OK,OK,16.5,2,22.86462164,1.060537522,187.5642606,4.79486,0.064199056,33.39467377
YALE_50620,50620,YALE,Yale_0050620,1,True,OK,OK,12.75,2,32.90001342,1.815988057,83.59035406,4.60955,0.07850204,47.83398257
YALE_50621,50621,YALE,Yale_0050621,1,True,OK,OK,16.58,2,32.0626981,1.057982646,478.877994,5.14473,0.060981449,56.9949904
YALE_50622,50622,YALE,Yale_0050622,1,True,OK,OK,9.92,1,20.07135607,0.83000466,234.7378387,5.23598,0.070000089,30.06289106
YALE_50623,50623,YALE,Yale_0050623,1,True,OK,OK,13.66,2,17.11773117,1.254742965,84.02010147,4.71929,0.059929966,25.98137243
YALE_50624,50624,YALE,Yale_0050624,1,True,OK,OK,11.08,2,34.21050448,1.225502935,285.886288,4.88112,0.086081564,52.9392984
YALE_50625,50625,YALE,Yale_0050625,1,True,OK,OK,7.0,1,51.69180021,0.781579245,1089.176343,4.25547,0.046540227,67.66987669
YALE_50626,50626,YALE,Yale_0050626,1,True,OK,OK,11.08,1,25.49418809,1.067363038,217.6020399,4.68205,0.084860357,34.45972455
CMU_50642,50642,CMU,CMU_a_0050642,1,True,OK,OK,33.0,1,10.15275557,3.801519042,21.65741529,3.33854,0.220741397,28.87033247
CMU_50644,50644,CMU,CMU_b_0050644,1,True,OK,OK,19.0,2,21.91723415,2.709102271,54.62183964,3.40824,0.071303251,53.2526792
CMU_50647,50647,CMU,CMU_a_0050647,1,True,OK,OK,27.0,1,14.62296079,4.150972095,14.95820127,3.32657,0.09934667,39.31221345
CMU_50648,50648,CMU,CMU_b_0050648,1,True,OK,OK,31.0,2,14.28303319,3.79640618,17.45184641,3.38171,0.128847596,37.57766817
CMU_50649,50649,CMU,CMU_a_0050649,1,True,OK,OK,22.0,1,13.76631655,4.191486548,19.68857429,3.40963,0.090552788,38.05794623
CMU_50653,50653,CMU,CMU_a_0050653,1,True,OK,OK,30.0,1,26.04536907,4.167438138,32.93173572,3.42346,0.058810325,68.95128552
CMU_50656,50656,CMU,CMU_a_0050656,1,True,OK,OK,28.0,2,17.77508963,3.299680843,36.31730795,3.44766,0.046406604,49.97064656
CMU_50659,50659,CMU,CMU_a_0050659,1,True,OK,OK,27.0,1,21.32556988,3.099331575,62.50440696,3.52277,0.098361787,62.73752743
CMU_50669,50669,CMU,CMU_b_0050669,1,True,OK,OK,30.0,2,14.64906953,2.931763766,32.41319901,3.57088,0.087361849,37.92598079
LEUVEN_50682,50682,LEUVEN,Leuven_1_0050682,1,True,OK,OK,23.0,1,14.53839389,0.725939879,105.2335242,3.712190513,0.096525724,16.09616987
LEUVEN_50683,50683,LEUVEN,Leuven_1_0050683,1,True,OK,OK,24.0,1,16.52703219,0.803717415,115.5175929,3.441371446,0.061528748,18.71789657
LEUVEN_50685,50685,LEUVEN,Leuven_1_0050685,1,True,OK,OK,23.0,1,13.94352255,0.859058686,80.55288604,3.334792185,0.121533652,16.58541414
LEUVEN_50686,50686,LEUVEN,Leuven_1_0050686,1,True,OK,OK,19.0,1,16.82777844,0.749118486,112.7309824,3.582372951,0.062445752,18.17190388
LEUVEN_50687,50687,LEUVEN,Leuven_1_0050687,1,True,OK,OK,22.0,1,10.63643187,0.75490778,62.44499972,3.46863017,0.07718981,12.26131927
LEUVEN_50688,50688,LEUVEN,Leuven_1_0050688,1,True,OK,OK,21.0,1,14.14581534,0.784846534,112.9662332,3.303838177,0.090181686,17.14494546
LEUVEN_50689,50689,LEUVEN,Leuven_1_0050689,1,True,OK,OK,21.0,1,17.71586949,0.709964179,135.7767416,3.632360681,0.057155471,17.64831647
LEUVEN_50690,50690,LEUVEN,Leuven_1_0050690,1,True,OK,OK,22.0,1,10.28278546,0.739322736,67.78689275,3.414532875,0.064723726,13.4432428
LEUVEN_50691,50691,LEUVEN,Leuven_1_0050691,1,True,OK,OK,22.0,1,16.16992878,0.753738763,110.8735549,3.663181446,0.071067559,16.61890493
LEUVEN_50692,50692,LEUVEN,Leuven_1_0050692,1,True,OK,OK,22.0,1,21.5076464,0.780728153,237.2144409,3.665331461,0.079567458,22.74910146
LEUVEN_50693,50693,LEUVEN,Leuven_1_0050693,1,True,OK,OK,22.0,1,12.77739419,0.793772308,97.33218011,3.301652524,0.105075378,16.93176173
LEUVEN_50695,50695,LEUVEN,Leuven_1_0050695,1,True,OK,OK,19.0,1,15.43899731,0.727821876,110.2989488,3.487729596,0.082258275,15.6018415
LEUVEN_50696,50696,LEUVEN,Leuven_1_0050696,1,True,OK,OK,20.0,1,11.86756025,0.724646717,62.91485025,3.516180247,0.066392544,12.67924713
LEUVEN_50697,50697,LEUVEN,Leuven_1_0050697,1,True,OK,OK,19.0,1,17.32819259,0.868129675,133.3408925,3.283955632,0.062932241,20.67663595
LEUVEN_50698,50698,LEUVEN,Leuven_1_0050698,1,True,OK,OK,28.0,1,11.06829946,0.78552906,70.18374516,3.435214472,0.064365922,13.61070096
LEUVEN_50699,50699,LEUVEN,Leuven_1_0050699,1,True,OK,OK,21.0,1,13.13245154,0.700321445,87.67029788,3.563333233,0.078895441,14.76639712
LEUVEN_50700,50700,LEUVEN,Leuven_1_0050700,1,True,OK,OK,23.0,1,28.89944334,0.767736374,308.759484,3.459148359,0.064473845,29.99899807
LEUVEN_50701,50701,LEUVEN,Leuven_1_0050701,1,True,OK,OK,18.0,1,16.3296109,0.754589605,87.03934171,3.435323682,0.066522014,16.37955088
LEUVEN_50702,50702,LEUVEN,Leuven_1_0050702,1,True,OK,OK,18.0,1,10.51149977,0.725905061,71.26057799,3.565463331,0.072251686,12.03756834
LEUVEN_50703,50703,LEUVEN,Leuven_1_0050703,1,True,OK,OK,29.0,1,12.09779388,0.773956559,92.58959175,3.443800615,0.063137632,14.44540424
LEUVEN_50704,50704,LEUVEN,Leuven_1_0050704,1,True,OK,OK,29.0,1,14.00445965,0.825386645,84.73608925,3.635373766,0.060612208,16.02041731
LEUVEN_50705,50705,LEUVEN,Leuven_1_0050705,1,True,OK,OK,24.0,1,11.88617293,0.749583687,72.84790288,3.47028645,0.098648102,13.43307659
LEUVEN_50706,50706,LEUVEN,Leuven_1_0050706,1,True,OK,OK,22.0,1,14.2308259,0.746393329,101.1120346,3.399119638,0.067977717,16.29672758
LEUVEN_50707,50707,LEUVEN,Leuven_1_0050707,1,True,OK,OK,22.0,1,18.59388604,0.700592957,152.0704276,3.576338514,0.054977197,17.76715592
LEUVEN_50708,50708,LEUVEN,Leuven_1_0050708,1,True,OK,OK,32.0,1,9.160416087,0.832165153,53.82183526,3.507125711,0.075594094,11.8351768
LEUVEN_50709,50709,LEUVEN,Leuven_1_0050709,1,True,OK,OK,25.0,1,15.83201946,0.788706505,108.9957226,3.413479607,0.075066242,17.41848722
LEUVEN_50710,50710,LEUVEN,Leuven_1_0050710,1,True,OK,OK,27.0,1,14.22391761,0.76691138,102.3635137,3.248354063,0.048190431,17.14245514
LEUVEN_50722,50722,LEUVEN,Leuven_2_0050722,1,True,OK,OK,13.8,2,18.57432614,0.728961215,130.3849906,3.258351546,0.06293098,18.95385895
LEUVEN_50723,50723,LEUVEN,Leuven_2_0050723,1,True,OK,OK,13.8,2,17.08537958,0.82964149,98.49096707,3.242446808,0.061518756,20.31127966
LEUVEN_50724,50724,LEUVEN,Leuven_2_0050724,1,True,OK,OK,15.1,1,15.65624398,0.756620379,102.9120559,3.298373931,0.075319837,15.74497952
LEUVEN_50725,50725,LEUVEN,Leuven_2_0050725,1,True,OK,OK,14.2,1,13.0302079,0.717190967,75.61725116,3.49144388,0.077271416,12.91182443
LEUVEN_50726,50726,LEUVEN,Leuven_2_0050726,1,True,OK,OK,16.6,1,13.07934274,0.729316711,85.43106955,3.624665214,0.090247066,12.55102128
LEUVEN_50727,50727,LEUVEN,Leuven_2_0050727,1,True,OK,OK,13.9,1,9.207106638,0.768999568,58.61491728,3.325590237,0.07709202,10.25181731
LEUVEN_50728,50728,LEUVEN,Leuven_2_0050728,1,True,OK,OK,15.6,1,9.921878069,0.688239309,46.69457201,3.621313013,0.067963259,10.9007937
LEUVEN_50730,50730,LEUVEN,Leuven_2_0050730,1,True,OK,OK,12.3,2,17.5363481,0.781225547,91.85535447,3.25585853,0.079677,17.57584707
LEUVEN_50731,50731,LEUVEN,Leuven_2_0050731,1,True,OK,OK,16.2,1,15.32576928,0.754789721,104.7925641,3.514446738,0.058337382,16.6750853
LEUVEN_50732,50732,LEUVEN,Leuven_2_0050732,1,True,OK,OK,12.4,1,13.10380221,0.768569839,71.39600801,3.346742453,0.090494149,13.43157468
LEUVEN_50733,50733,LEUVEN,Leuven_2_0050733,1,True,OK,OK,14.7,1,16.57973524,0.667382243,102.2627631,3.602005657,0.065528991,14.44813931
LEUVEN_50734,50734,LEUVEN,no_filename,1,False,OK,OK,16.6,1,13.87862458,0.666081737,109.8053285,3.387588803,0.044704987,14.36775481
LEUVEN_50735,50735,LEUVEN,Leuven_2_0050735,1,True,OK,OK,14.3,2,13.45827547,0.695266511,71.52552219,3.307392428,0.049019385,12.81397033
LEUVEN_50736,50736,LEUVEN,Leuven_2_0050736,1,True,OK,OK,13.6,2,9.832446787,0.778520443,54.40070011,3.389470081,0.079881897,11.34915342
LEUVEN_50737,50737,LEUVEN,Leuven_2_0050737,1,True,OK,OK,12.2,1,13.16833484,0.813582837,60.92332391,3.386665587,0.097451613,13.54572411
LEUVEN_50738,50738,LEUVEN,Leuven_2_0050738,1,True,OK,OK,12.8,1,13.44940076,0.71400778,78.4860385,3.437315158,0.064656064,14.50755807
LEUVEN_50739,50739,LEUVEN,Leuven_2_0050739,1,True,OK,OK,15.2,1,13.09937548,0.793934255,85.14304774,3.516925731,0.069544986,13.94899862
LEUVEN_50740,50740,LEUVEN,Leuven_2_0050740,1,True,OK,OK,12.4,1,11.73557902,0.711380368,83.11541326,3.320218179,0.056293112,11.56947661
LEUVEN_50741,50741,LEUVEN,Leuven_2_0050741,1,True,OK,OK,14.2,1,14.31662321,0.645134823,107.5455233,3.634707642,0.043004563,14.47735921
LEUVEN_50742,50742,LEUVEN,Leuven_2_0050742,1,True,OK,OK,16.9,1,20.6995168,0.72028427,183.1637005,3.613943042,0.054494043,20.98840449
LEUVEN_50743,50743,LEUVEN,Leuven_2_0050743,1,True,OK,OK,14.2,2,15.47550986,0.746895112,80.92608538,3.41665991,0.061382216,16.10497335
LEUVEN_50745,50745,LEUVEN,Leuven_2_0050745,1,True,OK,OK,13.0,1,11.37490529,0.766597781,51.53737166,3.427385728,0.063575229,12.25915899
LEUVEN_50746,50746,LEUVEN,Leuven_2_0050746,1,True,OK,OK,13.8,1,18.60535184,0.662093709,183.8617212,3.390293568,0.061165424,18.65070096
LEUVEN_50747,50747,LEUVEN,Leuven_2_0050747,1,True,OK,OK,14.2,1,18.81474069,0.69475455,123.5753288,3.987248289,0.059637674,17.73459928
LEUVEN_50748,50748,LEUVEN,Leuven_2_0050748,1,True,OK,OK,14.2,1,13.65622658,0.711337755,82.53066093,3.237145734,0.070741097,13.85929189
LEUVEN_50749,50749,LEUVEN,Leuven_2_0050749,1,True,OK,OK,15.3,2,12.33109833,0.777138298,74.30498016,3.405273231,0.068779122,13.99374614
LEUVEN_50750,50750,LEUVEN,Leuven_2_0050750,1,True,OK,OK,16.8,1,13.32786761,0.941656121,59.01524186,3.463045444,0.125611436,14.99848881
LEUVEN_50751,50751,LEUVEN,Leuven_2_0050751,1,True,OK,OK,12.1,1,15.47338261,0.794971738,102.8366386,3.215532984,0.093711258,16.99996123
LEUVEN_50752,50752,LEUVEN,Leuven_2_0050752,1,True,OK,OK,14.7,1,11.19953919,0.725747048,72.91787791,3.32715,0.068937042,12.86027489
LEUVEN_50753,50753,LEUVEN,Leuven_2_0050753,1,True,OK,OK,14.3,1,14.47668388,0.862066997,73.85394259,3.21695668,0.093551397,16.50033189
LEUVEN_50754,50754,LEUVEN,Leuven_2_0050754,1,True,OK,OK,12.3,1,11.5243316,0.725305802,53.0327591,3.468945962,0.071705016,11.35990066
LEUVEN_50755,50755,LEUVEN,Leuven_2_0050755,1,True,OK,OK,12.2,1,14.23737843,0.694294652,86.85489342,3.23701193,0.042975413,14.39690618
LEUVEN_50756,50756,LEUVEN,Leuven_2_0050756,1,True,OK,OK,14.9,1,16.87957931,0.747012799,127.9318806,3.42851976,0.071288506,17.26766678
LEUVEN_50757,50757,LEUVEN,Leuven_2_0050757,1,True,OK,OK,14.3,1,19.26117525,0.649322883,132.6170817,3.373725908,0.058860324,17.05133388
KKI_50772,50772,KKI,KKI_0050772,1,True,OK,OK,12.77,1,19.27999492,3.765550264,15.52713844,3.162419821,0.044439782,30.45059023
KKI_50773,50773,KKI,KKI_0050773,1,True,OK,OK,10.84,1,9.839011238,2.72241442,29.40858093,2.755387701,0.037513252,12.67933743
KKI_50774,50774,KKI,KKI_0050774,1,True,OK,OK,10.64,1,11.91053525,3.812030952,17.17259107,2.835045745,0.042597438,16.81377586
KKI_50775,50775,KKI,KKI_0050775,1,True,OK,OK,11.0,1,16.20504535,3.674428207,19.55691275,2.69653,0.036342882,26.19712576
KKI_50776,50776,KKI,KKI_0050776,1,True,OK,OK,9.3,1,20.73122208,3.075027876,28.95311817,2.778212981,0.049895151,30.23841583
KKI_50777,50777,KKI,KKI_0050777,1,True,OK,OK,8.39,1,7.377491418,3.107133605,19.88190686,2.761969384,0.044612925,11.51655269
KKI_50778,50778,KKI,KKI_0050778,1,True,OK,OK,9.73,2,14.30097719,3.771564179,22.50273661,3.192317992,0.030987161,25.1576717
KKI_50780,50780,KKI,KKI_0050780,1,True,OK,OK,9.82,2,19.97688794,3.070620791,19.53183431,2.692734334,0.03665077,26.86775757
KKI_50781,50781,KKI,KKI_0050781,1,True,OK,OK,9.3,1,16.74640786,3.235939084,35.36953819,3.184451199,0.040497937,28.13692195
KKI_50782,50782,KKI,KKI_0050782,1,True,OK,OK,10.18,1,8.786730828,3.319435764,25.19600404,2.747742621,0.033418114,13.30254313
KKI_50783,50783,KKI,KKI_0050783,1,True,OK,OK,10.4,2,8.984883066,3.314967488,13.15835153,2.803157327,0.059783543,15.69768067
KKI_50786,50786,KKI,KKI_0050786,1,True,OK,OK,8.75,1,15.31632132,3.887776325,16.71262466,2.934777901,0.034240159,25.19730909
KKI_50790,50790,KKI,KKI_0050790,1,True,OK,OK,8.83,2,25.55678362,3.71874584,25.73340861,3.263274474,0.033041486,48.46586416
KKI_50791,50791,KKI,KKI_0050791,1,True,OK,OK,10.18,1,10.23642056,3.841425535,11.40825893,2.655309971,0.06026013,13.31620271
KKI_50792,50792,KKI,KKI_0050792,1,True,OK,OK,8.2,2,24.04359026,4.078696986,6.610830762,2.697599678,0.041239951,33.64285783
KKI_50796,50796,KKI,KKI_0050796,1,True,OK,OK,11.99,2,17.31488348,2.850025084,8.805776727,2.829412024,0.156489121,24.94047206
KKI_50797,50797,KKI,KKI_0050797,1,True,OK,OK,12.54,1,17.052683,4.433130097,15.60723534,3.067096947,0.028605694,29.66396044
KKI_50798,50798,KKI,KKI_0050798,1,True,OK,OK,10.17,2,13.49629897,3.712582447,23.27092278,3.014866406,0.03308488,23.39707788
KKI_50799,50799,KKI,KKI_0050799,1,True,OK,OK,11.14,1,20.83137547,4.064349016,19.44300496,3.451085601,0.04359054,38.90532491
KKI_50800,50800,KKI,KKI_0050800,1,True,OK,OK,11.76,1,14.961684,7.351328807,2.009249397,2.839067277,0.037230958,22.46421655
KKI_50801,50801,KKI,KKI_0050801,1,True,OK,OK,11.27,1,10.52763138,3.363385078,18.18924884,2.616881577,0.039834354,15.11135859
KKI_50803,50803,KKI,KKI_0050803,1,True,OK,OK,8.45,1,9.942215953,3.204819758,24.24359334,2.669482705,0.037067862,12.84216561
KKI_50805,50805,KKI,no_filename,1,False,OK,OK,11.33,1,7.535959998,2.729334941,23.01259383,2.691771657,0.059151046,12.00394941
KKI_50807,50807,KKI,KKI_0050807,1,True,OK,OK,10.65,1,25.17001052,3.179898429,42.35718134,3.392604357,0.03848797,44.30284945
KKI_50809,50809,KKI,no_filename,1,False,OK,OK,8.43,1,24.57581245,3.880933279,16.5470033,2.746898841,0.066183755,41.71396486
KKI_50811,50811,KKI,no_filename,1,False,OK,OK,12.76,1,16.0297937,3.46067124,21.08601267,2.961287176,0.039745647,24.71086029
KKI_50812,50812,KKI,KKI_0050812,1,True,OK,OK,9.97,2,10.22272691,2.637899628,12.16353269,2.636589371,0.047326137,13.90768838
KKI_50813,50813,KKI,no_filename,1,False,OK,OK,10.79,1,24.00666254,5.093380303,7.413105104,2.664317623,0.032173194,34.8496161
KKI_50814,50814,KKI,KKI_0050814,1,True,OK,OK,8.46,1,8.74390634,3.440210235,22.84271858,2.662120793,0.037521238,12.6656066
KKI_50816,50816,KKI,KKI_0050816,1,True,OK,OK,9.73,1,18.5226109,3.185665921,12.05689069,3.268133896,0.074394826,32.63466502
KKI_50817,50817,KKI,KKI_0050817,1,True,OK,OK,9.97,1,11.91269359,4.029997841,15.34238954,2.667279539,0.033080865,18.23174752
KKI_50820,50820,KKI,KKI_0050820,1,True,OK,OK,8.87,2,12.43492991,4.205096573,14.99035383,2.777489669,0.036768763,17.45884127
KKI_50821,50821,KKI,KKI_0050821,1,True,OK,OK,11.17,1,16.93311444,3.608573276,10.21538994,3.181992276,0.04804453,28.74079144
KKI_50822,50822,KKI,KKI_0050822,1,True,OK,OK,12.43,1,20.62459749,3.574539936,15.65437066,2.668930318,0.034668428,28.88454013
KKI_50823,50823,KKI,KKI_0050823,1,True,OK,OK,11.37,1,26.89332981,4.798495311,6.87306121,2.691895507,0.046805089,40.40348457
KKI_50824,50824,KKI,KKI_0050824,1,True,OK,OK,10.29,1,16.0903517,3.301669782,13.4625601,2.715610809,0.050652227,25.95093812
NYU_50952,50952,NYU,NYU_0050952,1,True,OK,OK,8.74,2,11.33130622,0.420673265,138.2870086,3.32042099,0.071925493,11.20196599
NYU_50953,50953,NYU,no_filename,1,False,OK,OK,11.764,2,10.73555604,0.578935,63.63522628,3.263197594,0.056374924,11.5494645
NYU_50954,50954,NYU,NYU_0050954,1,True,OK,OK,14.75,2,14.71346562,0.466486523,171.6696258,3.52866175,0.044605959,15.11989714
NYU_50955,50955,NYU,NYU_0050955,1,True,OK,OK,12.64,2,15.22436637,0.562001101,161.9193369,3.381245287,0.045115987,17.50781938
NYU_50956,50956,NYU,NYU_0050956,1,True,OK,OK,14.06,2,11.59617932,0.517421187,92.9304678,3.540566934,0.034801924,12.91178425
NYU_50957,50957,NYU,NYU_0050957,1,True,OK,OK,14.75,2,15.62712971,0.539293723,167.2403005,3.401204822,0.0520994,16.40108094
NYU_50958,50958,NYU,NYU_0050958,1,True,OK,OK,10.23,2,14.29448422,0.523257416,136.2170022,3.179567596,0.044403813,15.38092831
NYU_50959,50959,NYU,NYU_0050959,1,True,OK,OK,22.81,2,11.54175003,0.409999857,199.3344256,3.748999081,0.036033534,13.39045756
NYU_50960,50960,NYU,NYU_0050960,1,True,OK,OK,38.76,2,8.377106373,0.565919558,85.01425353,3.744527014,0.053947741,12.10493046
NYU_50961,50961,NYU,NYU_0050961,1,True,OK,OK,25.02,2,12.28526862,0.53743031,125.9223304,3.484771167,0.038703483,15.19501605
NYU_50962,50962,NYU,NYU_0050962,1,True,OK,OK,24.41,2,9.873845882,0.448006329,96.58962907,3.629489164,0.047519477,11.40724142
NYU_50965,50965,NYU,NYU_0050965,1,True,OK,OK,9.25,1,11.6741082,0.45443824,140.617266,3.485225827,0.088045385,12.13924453
NYU_50966,50966,NYU,NYU_0050966,1,True,OK,OK,15.14,1,12.41106046,0.523956286,131.5437859,3.542731112,0.066152475,12.84689826
NYU_50967,50967,NYU,NYU_0050967,1,True,OK,OK,9.74,1,17.26752508,0.48106815,154.2184317,3.633653842,0.064747028,16.35128601
NYU_50968,50968,NYU,NYU_0050968,1,True,OK,OK,9.95,1,10.18870768,0.693501083,49.36324442,3.191852485,0.069002776,11.3353469
NYU_50969,50969,NYU,NYU_0050969,1,True,OK,OK,7.61,1,12.33876116,1.059282196,20.99642489,3.106464471,0.061350115,11.84355787
NYU_50970,50970,NYU,NYU_0050970,1,True,OK,OK,8.9,1,10.77121421,0.431482433,130.7320741,3.257893532,0.058142868,11.07497739
NYU_50971,50971,NYU,no_filename,1,False,OK,OK,10.24,1,10.72482243,0.434584566,125.4614567,3.432167108,0.068228404,11.31665565
NYU_50972,50972,NYU,NYU_0050972,1,True,OK,OK,13.95,1,10.24404903,0.583639185,104.3825338,3.564918476,0.07029968,11.89586345
NYU_50973,50973,NYU,NYU_0050973,1,True,OK,OK,17.88,1,10.86929042,0.502492221,142.0456884,3.485325852,0.045204693,13.0272264
NYU_50974,50974,NYU,NYU_0050974,1,True,OK,OK,11.56,1,13.29093635,0.446809454,187.8637198,3.362919993,0.059485259,14.1461139
NYU_50975,50975,NYU,no_filename,1,False,OK,OK,10.96,1,14.08743091,0.508946458,164.5856326,3.142649276,0.064601188,15.14224111
NYU_50976,50976,NYU,NYU_0050976,1,True,OK,OK,14.65,1,12.10876395,0.560749011,100.1627111,3.505230828,0.059705225,13.04774969
NYU_50977,50977,NYU,NYU_0050977,1,True,OK,OK,7.13,1,10.26335436,0.463526364,136.702918,3.242698795,0.045900958,12.28332973
NYU_50978,50978,NYU,NYU_0050978,1,True,OK,OK,9.58,1,9.087564795,0.517919748,78.00452774,3.220905203,0.055055632,10.45611506
NYU_50979,50979,NYU,NYU_0050979,1,True,OK,OK,9.37,1,9.368965811,0.563804774,62.6223487,3.180786082,0.07872382,9.773583383
NYU_50980,50980,NYU,no_filename,1,False,OK,OK,8.52,1,11.75694033,0.568150493,97.93338979,3.193652935,0.057101905,12.94388629
NYU_50982,50982,NYU,NYU_0050982,1,True,OK,OK,9.46,1,10.1097949,0.439074015,131.2906424,3.267962421,0.066618481,11.1572328
NYU_50984,50984,NYU,NYU_0050984,1,True,OK,OK,13.2,1,11.55364662,0.546608841,115.1212294,3.526463408,0.057623716,12.71231078
NYU_50985,50985,NYU,NYU_0050985,1,True,OK,OK,13.09,1,12.18017254,0.549758067,84.86192186,3.899011088,0.057846785,11.70954284
NYU_50986,50986,NYU,NYU_0050986,1,True,OK,OK,8.53,1,15.21755374,0.47595984,199.1013845,3.242174156,0.064473719,16.06746862
NYU_50987,50987,NYU,NYU_0050987,1,True,OK,OK,8.56,1,13.37792642,0.551683663,141.7710081,3.516615492,0.065155785,15.5158667
NYU_50988,50988,NYU,NYU_0050988,1,True,OK,OK,14.21,1,16.33930163,0.463846195,253.2492838,3.319218073,0.0569191,16.81983873
NYU_50989,50989,NYU,NYU_0050989,1,True,OK,OK,9.78,1,11.66347373,0.468369658,141.4316239,3.2885312,0.059287129,12.59678055
NYU_50990,50990,NYU,NYU_0050990,1,True,OK,OK,13.71,1,8.948095592,0.532350102,102.9286516,3.506558432,0.06902841,10.77697792
NYU_50991,50991,NYU,NYU_0050991,1,True,OK,OK,10.9,1,12.97380649,0.5611558720000001,116.2779846,3.421228009,0.036171202,14.89961319
NYU_50992,50992,NYU,NYU_0050992,1,True,OK,OK,10.66,1,11.6172438,0.500470267,135.5910389,3.378751254,0.068355447,13.24912471
NYU_50993,50993,NYU,NYU_0050993,1,True,OK,OK,10.87,1,13.54892078,0.483779768,143.6954562,3.4151968,0.061294297,13.81311377
NYU_50994,50994,NYU,NYU_0050994,1,True,OK,OK,15.66,1,12.29587933,0.523412313,127.5466462,3.55584348,0.05373366,13.54660715
NYU_50995,50995,NYU,NYU_0050995,1,True,OK,OK,16.74,1,11.85692939,0.532094245,109.5834912,3.69356882,0.053959615,12.06529422
NYU_50996,50996,NYU,NYU_0050996,1,True,OK,OK,15.81,1,15.81917625,0.516431696,222.8393921,3.823419463,0.042048356,16.73598855
NYU_50997,50997,NYU,NYU_0050997,1,True,OK,OK,16.27,1,12.92589982,1.987640827,7.526160323,3.884587787,0.074955753,14.04268074
NYU_50998,50998,NYU,NYU_0050998,1,True,OK,OK,13.04,1,11.28000175,0.550509909,90.21648487,3.24355632,0.083666169,12.62951102
NYU_50999,50999,NYU,NYU_0050999,1,True,OK,OK,14.53,1,11.11250731,0.680836195,72.91005072,3.5843597,0.066046603,13.87001227
NYU_51000,51000,NYU,NYU_0051000,1,True,OK,OK,13.33,1,12.04005057,0.670636916,89.10257365,3.372149591,0.076413121,14.4016188
NYU_51001,51001,NYU,NYU_0051001,1,True,OK,OK,10.71,1,13.23045648,0.607091626,88.58765913,3.289995202,0.064395869,13.82622321
NYU_51002,51002,NYU,NYU_0051002,1,True,OK,OK,7.228,1,10.91204437,0.498161545,116.5258159,3.200838284,0.0452293,12.05966908
NYU_51003,51003,NYU,NYU_0051003,1,True,OK,OK,8.51,1,11.62294245,0.447746814,124.2678311,3.339498487,0.09090927,11.44841261
NYU_51006,51006,NYU,NYU_0051006,1,True,OK,OK,11.11,1,13.03641685,0.5186245,120.5729802,3.227015821,0.051407978,13.60930409
NYU_51007,51007,NYU,NYU_0051007,1,True,OK,OK,11.92,1,13.56117148,0.548712904,145.3340079,3.116360886,0.05231276,16.10877224
NYU_51008,51008,NYU,NYU_0051008,1,True,OK,OK,12.37,1,12.57817385,0.690778156,88.24281157,3.504994405,0.068281024,15.32919715
NYU_51009,51009,NYU,NYU_0051009,1,True,OK,OK,11.03,1,7.496544162,0.564152152,56.70149528,3.281835928,0.060815103,9.492837235
NYU_51010,51010,NYU,NYU_0051010,1,True,OK,OK,8.53,1,10.37438015,0.578717508,80.49194546,3.138357294,0.070589135,11.83216627
NYU_51011,51011,NYU,NYU_0051011,1,True,OK,OK,8.79,1,12.49756764,0.673438912,63.28041148,3.434094862,0.055677857,12.43511551
NYU_51012,51012,NYU,NYU_0051012,1,True,OK,OK,9.79,1,13.0622238,0.491874483,147.7294628,3.263597694,0.040357531,14.41990612
NYU_51013,51013,NYU,NYU_0051013,1,True,OK,OK,7.15,1,14.34860941,0.487827887,183.8533602,3.259939502,0.032190967,16.02856749
NYU_51014,51014,NYU,NYU_0051014,1,True,OK,OK,11.005,1,10.19161982,0.660940874,55.61442045,3.449844254,0.074419715,11.48617233
NYU_51015,51015,NYU,NYU_0051015,1,True,OK,OK,29.98,1,12.70273997,0.494889796,159.36856,4.011812015,0.07810446,14.52000514
NYU_51016,51016,NYU,NYU_0051016,1,True,OK,OK,22.99,1,9.849797907,0.506431783,124.6209426,3.443233511,0.061326483,11.41080267
NYU_51017,51017,NYU,NYU_0051017,1,True,OK,OK,22.04,1,10.40728984,0.528843314,114.8323201,3.707181314,0.05819518,11.91254822
NYU_51018,51018,NYU,NYU_0051018,1,True,OK,OK,20.25,1,11.97110622,0.505977594,151.4355801,3.689729603,0.049454964,13.39679451
NYU_51019,51019,NYU,NYU_0051019,1,True,OK,OK,22.29,1,12.79393114,0.590617192,140.6071761,3.642219619,0.057369179,15.03320907
NYU_51020,51020,NYU,NYU_0051020,1,True,OK,OK,28.58,1,12.53845676,0.48822349,197.6629713,3.379144762,0.04468939,14.22810906
NYU_51021,51021,NYU,NYU_0051021,1,True,OK,OK,23.66,1,11.8221016,0.504544646,172.9752278,3.295542043,0.057982295,14.02721489
NYU_51023,51023,NYU,NYU_0051023,1,True,OK,OK,20.62,1,11.02727407,0.599255342,96.87836111,3.56492757,0.075094395,12.41908344
NYU_51024,51024,NYU,NYU_0051024,1,True,OK,OK,39.1,1,10.22726659,0.586646898,88.19375046,3.776089449,0.065362987,12.55403415
NYU_51025,51025,NYU,NYU_0051025,1,True,OK,OK,19.64,1,10.98368035,0.550434574,108.5365601,3.915069648,0.069584235,11.73064289
NYU_51026,51026,NYU,NYU_0051026,1,True,OK,OK,18.58,1,12.35320235,0.595041513,109.8268292,3.909513714,0.05959683,13.85528018
NYU_51027,51027,NYU,NYU_0051027,1,True,OK,OK,22.98,1,10.72119648,0.572417864,95.63247485,3.344581576,0.051647916,12.71382389
NYU_51028,51028,NYU,NYU_0051028,1,True,OK,OK,29.18,1,8.698701074,0.588912094,84.31688765,3.35427236,0.051220964,11.63495762
NYU_51029,51029,NYU,NYU_0051029,1,True,OK,OK,26.516,1,12.87104018,0.653171078,98.39705688,3.357402963,0.05271295,14.85264843
NYU_51030,51030,NYU,NYU_0051030,1,True,OK,OK,7.29,1,11.07269552,0.414445649,141.8001924,3.173138716,0.073609898,11.42026911
NYU_51032,51032,NYU,NYU_0051032,1,True,OK,OK,7.15,1,12.62263836,0.486881986,119.9904512,3.184793297,0.03595669,13.32863842
NYU_51033,51033,NYU,NYU_0051033,1,True,OK,OK,9.98,1,12.47474699,1.460308449,9.549582567,3.245675032,0.092489722,14.01032921
NYU_51034,51034,NYU,NYU_0051034,1,True,OK,OK,10.65,1,12.86271658,0.600255021,101.0854133,3.204234559,0.060126104,14.36303442
NYU_51035,51035,NYU,NYU_0051035,1,True,OK,OK,10.27,1,11.65429448,0.542470916,93.76187658,3.362749754,0.049754231,12.05680199
NYU_51038,51038,NYU,NYU_0051038,1,True,OK,OK,8.26,2,8.63455772,0.421347109,97.43452161,3.302252812,0.073027678,9.741070085
NYU_51039,51039,NYU,NYU_0051039,1,True,OK,OK,8.5,2,9.188088094,0.471316526,85.86424685,3.318456863,0.044724889,10.86206895
NYU_51040,51040,NYU,NYU_0051040,1,True,OK,OK,8.52,2,11.65049176,0.536564736,87.8697044,3.211011821,0.061103265,12.24165364
NYU_51041,51041,NYU,NYU_0051041,1,True,OK,OK,8.9,2,12.43285994,0.425926397,174.6030521,3.17734886,0.036641892,13.58193865
NYU_51042,51042,NYU,NYU_0051042,1,True,OK,OK,8.91,2,12.07936718,0.387428193,183.4445151,2.994130329,0.048320674,13.47880536
NYU_51044,51044,NYU,NYU_0051044,1,True,OK,OK,10.86,2,13.9712419,0.566375074,117.6672858,3.251130941,0.049448121,14.33152445
NYU_51045,51045,NYU,NYU_0051045,1,True,OK,OK,11.56,2,13.19025376,0.433514825,232.2654742,3.489226827,0.053887502,15.23904509
NYU_51046,51046,NYU,NYU_0051046,1,True,OK,OK,11.56,2,16.60686027,0.458164343,317.7390872,3.243347177,0.047191357,18.79319067
NYU_51047,51047,NYU,NYU_0051047,1,True,OK,OK,12.1,2,11.58808776,0.540023908,95.11961123,3.444579302,0.045773157,12.64004512
NYU_51048,51048,NYU,NYU_0051048,1,True,OK,OK,12.44,2,9.787272595,0.425319617,125.2210548,3.452069726,0.058823538,10.72853349
NYU_51049,51049,NYU,NYU_0051049,1,True,OK,OK,13.22,2,13.77899393,0.418853239,273.078197,3.53055534,0.039583341,15.47834525
NYU_51050,51050,NYU,NYU_0051050,1,True,OK,OK,13.25,2,18.66155568,0.413434934,408.4346612,3.385009864,0.035418068,18.93893323
NYU_51051,51051,NYU,NYU_0051051,1,True,OK,OK,14.06,2,14.81881134,0.546948591,132.0579465,3.414126234,0.035621156,15.81458326
NYU_51052,51052,NYU,NYU_0051052,1,True,OK,OK,14.18,2,14.14248807,0.478405347,210.1512726,3.509747894,0.05184852,15.74521676
NYU_51053,51053,NYU,NYU_0051053,1,True,OK,OK,14.38,2,7.791336013,0.433676862,85.95214501,3.502639271,0.067807559,8.832349873
NYU_51054,51054,NYU,NYU_0051054,1,True,OK,OK,14.42,2,10.80879835,0.490429178,128.3639007,3.657205184,0.038424028,12.26419299
NYU_51055,51055,NYU,NYU_0051055,1,True,OK,OK,15.95,2,20.346454,0.510319045,340.7526021,3.345070041,0.028898803,21.58276857
NYU_51056,51056,NYU,NYU_0051056,1,True,OK,OK,17.31,2,11.90812006,0.599314642,85.48947656,3.609336621,0.046451489,13.31400585
NYU_51057,51057,NYU,NYU_0051057,1,True,OK,OK,21.58,2,8.616780993,0.491002537,96.07288551,3.53343568,0.039034994,10.9431331
NYU_51058,51058,NYU,NYU_0051058,1,True,OK,OK,22.11,2,9.201705548,0.396530932,163.0972886,3.5827593,0.042097601,11.82900833
NYU_51059,51059,NYU,NYU_0051059,1,True,OK,OK,22.76,2,10.26057538,0.487980472,97.35034127,3.569692397,0.051576717,11.89591887
NYU_51060,51060,NYU,NYU_0051060,1,True,OK,OK,22.74,2,12.9520463,0.412501347,243.0066433,3.4591193,0.039095696,15.08881391
NYU_51061,51061,NYU,NYU_0051061,1,True,OK,OK,27.03,2,12.78568171,0.431872346,234.7780074,3.277728499,0.0496449,15.6426672
NYU_51062,51062,NYU,NYU_0051062,1,True,OK,OK,27.76,2,12.08261004,0.415012629,213.2703831,3.557107433,0.040941974,13.88495
NYU_51063,51063,NYU,NYU_0051063,1,True,OK,OK,29.13,2,10.50842618,0.43019194,146.6252227,3.77889015,0.051147662,11.49754847
NYU_51064,51064,NYU,NYU_0051064,1,True,OK,OK,7.26,1,11.67868312,0.492166937,101.540741,3.196699152,0.0452966,12.32820832
NYU_51066,51066,NYU,NYU_0051066,1,True,OK,OK,18.59,1,9.176519331,0.518764914,81.43409021,3.583241239,0.052525987,11.08496044
NYU_51067,51067,NYU,NYU_0051067,1,True,OK,OK,23.65,1,10.19824066,0.573323578,113.4899743,3.700252309,0.059591662,12.61436972
NYU_51068,51068,NYU,NYU_0051068,1,True,OK,OK,31.78,1,12.95838996,0.611391088,108.1799313,3.51795219,0.036724984,14.8889347
NYU_51069,51069,NYU,NYU_0051069,1,True,OK,OK,8.15,1,11.22348195,0.462225688,138.0431193,3.327086293,0.043065513,12.20315231
NYU_51072,51072,NYU,NYU_0051072,1,True,OK,OK,11.91,1,11.71229243,1.560353954,8.054000015,3.702871145,0.062524402,13.65251507
NYU_51073,51073,NYU,NYU_0051073,1,True,OK,OK,12.49,1,14.81473991,0.422226287,238.6819395,3.218259087,0.053897948,14.92574528
NYU_51074,51074,NYU,NYU_0051074,1,True,OK,OK,12.81,1,11.02244096,0.554973268,77.45584257,3.444597488,0.064273208,11.12873836
NYU_51075,51075,NYU,NYU_0051075,1,True,OK,OK,14.2,1,10.84734671,1.35774188,11.01594335,3.675036914,0.081478606,11.74407004
NYU_51076,51076,NYU,NYU_0051076,1,True,OK,OK,16.93,1,9.293915503,1.585241009,6.839455433,3.799513487,0.093438416,10.52783301
NYU_51077,51077,NYU,NYU_0051077,1,True,OK,OK,17.3,1,13.46085028,0.435072129,232.9668429,3.727211774,0.057947111,14.31479861
NYU_51078,51078,NYU,NYU_0051078,1,True,OK,OK,6.47,1,13.57214087,1.649756572,12.62195084,3.403969149,0.047198876,13.38564115
NYU_51079,51079,NYU,NYU_0051079,1,True,OK,OK,7.19,1,12.25226627,0.513042516,106.669419,2.975516585,0.055425014,12.8115282
NYU_51080,51080,NYU,NYU_0051080,1,True,OK,OK,8.01,1,12.91184221,0.438986778,164.7911314,3.370033393,0.059962777,13.01340006
NYU_51081,51081,NYU,NYU_0051081,1,True,OK,OK,8.82,1,10.22049493,0.40894496,134.0979802,3.406669825,0.058974727,11.59501975
NYU_51082,51082,NYU,NYU_0051082,1,True,OK,OK,8.88,1,13.43460444,0.624559384,113.678547,3.197651082,0.056721247,15.23634312
NYU_51083,51083,NYU,NYU_0051083,1,True,OK,OK,8.93,1,16.37652825,0.45739749,273.0206189,3.264252403,0.061214117,16.93529738
NYU_51084,51084,NYU,NYU_0051084,1,True,OK,OK,9.23,1,12.66479738,0.411338677,194.9322044,3.239164313,0.070521668,13.50570866
NYU_51085,51085,NYU,NYU_0051085,1,True,OK,OK,9.81,1,10.1201081,0.527312489,89.05954673,3.516379069,0.068447564,11.41071437
NYU_51086,51086,NYU,NYU_0051086,1,True,OK,OK,10.46,1,9.688549392,0.533093396,84.95474338,3.331953312,0.061143149,11.23099646
NYU_51087,51087,NYU,NYU_0051087,1,True,OK,OK,10.52,1,8.507961009,0.512262011,82.50902536,3.447598238,0.072520472,10.4491835
NYU_51088,51088,NYU,NYU_0051088,1,True,OK,OK,10.73,1,11.79759963,0.584001584,94.78261268,3.105994658,0.047275932,12.85160699
NYU_51089,51089,NYU,NYU_0051089,1,True,OK,OK,10.76,1,11.3660593,0.411385015,154.9230858,3.109386415,0.060787416,12.05148046
NYU_51090,51090,NYU,NYU_0051090,1,True,OK,OK,11.03,1,9.332424468,0.530946286,85.15156298,3.233981199,0.069979062,11.21280644
NYU_51091,51091,NYU,NYU_0051091,1,True,OK,OK,11.32,1,11.47391642,0.509563488,131.6640093,3.263379458,0.048530474,12.79063695
NYU_51093,51093,NYU,NYU_0051093,1,True,OK,OK,11.69,1,14.20360473,0.4748828,173.8879233,3.1656914,0.035306328,14.54859633
NYU_51094,51094,NYU,NYU_0051094,1,True,OK,OK,12.1,1,12.9090238,0.435829005,176.110443,3.310454862,0.068607521,13.03078261
NYU_51096,51096,NYU,NYU_0051096,1,True,OK,OK,13.18,1,10.60484108,0.634363838,84.69310385,3.500256857,0.057647067,12.81475965
NYU_51097,51097,NYU,NYU_0051097,1,True,OK,OK,13.583,1,10.34070589,0.519763558,98.41897776,3.71020025,0.061707987,11.44429487
NYU_51098,51098,NYU,NYU_0051098,1,True,OK,OK,13.628,1,14.10039159,0.636222109,116.1966993,3.790020205,0.035123946,15.42776875
NYU_51099,51099,NYU,NYU_0051099,1,True,OK,OK,13.72,1,13.68502448,0.561825579,138.4298398,3.254410837,0.041933942,15.27739063
NYU_51100,51100,NYU,NYU_0051100,1,True,OK,OK,14.36,1,13.4805391,0.551452206,141.9488395,3.246229716,0.043703743,15.12388602
NYU_51101,51101,NYU,NYU_0051101,1,True,OK,OK,14.425,1,14.69764407,0.59536747,118.5980564,3.607165401,0.060530416,14.82260742
NYU_51102,51102,NYU,NYU_0051102,1,True,OK,OK,14.653,1,8.744481552,0.635388667,42.03208516,3.588915385,0.057109671,9.458225977
NYU_51103,51103,NYU,NYU_0051103,1,True,OK,OK,14.66,1,11.66121751,0.568762748,104.189393,3.939530308,0.05847607,12.89770632
NYU_51104,51104,NYU,NYU_0051104,1,True,OK,OK,15.27,1,12.78310901,0.457602946,211.0684415,3.648693965,0.051409879,13.99862596
NYU_51105,51105,NYU,NYU_0051105,1,True,OK,OK,15.284,1,17.42336995,0.632351594,217.7319321,3.520780169,0.02517036,21.53308507
NYU_51107,51107,NYU,NYU_0051107,1,True,OK,OK,15.53,1,11.92918425,0.601379555,97.20995376,3.86598465,0.067132921,12.8232758
NYU_51108,51108,NYU,no_filename,1,False,OK,OK,15.71,1,12.58514765,0.6398712,74.76685031,3.776016704,0.045551276,13.86622138
NYU_51109,51109,NYU,NYU_0051109,1,True,OK,OK,16.13,1,11.74820109,0.511183582,174.2695525,3.609666027,0.048441818,14.22021456
NYU_51110,51110,NYU,NYU_0051110,1,True,OK,OK,16.28,1,11.01039309,0.553374891,124.0754342,3.479269792,0.075637111,12.39022275
NYU_51111,51111,NYU,NYU_0051111,1,True,OK,OK,16.55,1,7.09574862,0.562881553,63.7429429,3.863020272,0.076919556,9.769812075
NYU_51112,51112,NYU,NYU_0051112,1,True,OK,OK,19.228,1,11.02493721,0.673799408,67.63460943,3.32102114,0.062247036,13.17159097
NYU_51113,51113,NYU,NYU_0051113,1,True,OK,OK,22.38,1,9.944432373,0.663872159,64.0894245,3.773916179,0.047669272,12.16488642
NYU_51114,51114,NYU,NYU_0051114,1,True,OK,OK,22.48,1,8.585896815,0.59706131,73.85133935,3.830966805,0.077498926,10.93363476
NYU_51115,51115,NYU,no_filename,1,False,OK,OK,22.76,1,7.102962805,0.496489702,73.39390031,3.567355449,0.068773179,8.883722451
NYU_51116,51116,NYU,NYU_0051116,1,True,OK,OK,25.34,1,10.64424735,0.610091364,73.61398317,3.725185815,0.085484724,11.97967563
NYU_51117,51117,NYU,NYU_0051117,1,True,OK,OK,28.203,1,10.96301066,0.565338827,93.00824806,3.547943428,0.052615904,12.82097965
NYU_51118,51118,NYU,NYU_0051118,1,True,OK,OK,29.02,1,10.38048098,0.472859592,185.7553742,3.595535221,0.032190313,14.50610042
NYU_51119,51119,NYU,no_filename,1,False,OK,OK,30.724,1,6.979542778,0.687987948,30.12964219,3.811616513,0.087257646,8.464079031
NYU_51120,51120,NYU,no_filename,1,False,OK,OK,10.19,1,10.24714831,1.209549929,13.10615273,3.411180043,0.074551287,11.1618642
NYU_51121,51121,NYU,NYU_0051121,1,True,OK,OK,10.74,1,12.27586196,0.399192001,185.3754461,3.297897178,0.042164418,13.01263762
NYU_51122,51122,NYU,NYU_0051122,1,True,OK,OK,11.92,1,12.40983674,0.567772228,130.0987656,3.318966081,0.071350326,14.21635983
NYU_51123,51123,NYU,NYU_0051123,1,True,OK,OK,12.07,1,10.93750943,0.42171704,141.8541831,3.223187592,0.063817701,11.60221987
NYU_51124,51124,NYU,NYU_0051124,1,True,OK,OK,12.67,1,9.76302075,0.485146849,114.2767215,3.380015209,0.086889489,10.53066398
NYU_51125,51125,NYU,no_filename,1,False,OK,OK,14.79,1,12.11665055,0.473690233,182.8080629,3.594916885,0.037273373,13.67443071
NYU_51126,51126,NYU,NYU_0051126,1,True,OK,OK,16.31,1,12.78225389,1.458496865,13.79954966,3.510038877,0.047694472,14.44550154
NYU_51127,51127,NYU,NYU_0051127,1,True,OK,OK,16.55,1,11.28833819,0.481004044,152.4163107,3.621650841,0.077223048,12.34273831
NYU_51128,51128,NYU,NYU_0051128,1,True,OK,OK,16.88,1,10.92615329,0.485481349,169.4204048,3.64789179,0.049481706,12.22692702
NYU_51129,51129,NYU,NYU_0051129,1,True,OK,OK,17.7,1,12.05139025,1.408915954,9.135749214,3.559980878,0.075332166,12.9965805
NYU_51130,51130,NYU,NYU_0051130,1,True,OK,OK,19.13,1,10.54950854,0.438434021,144.380535,3.500891117,0.048870599,11.72164782
NYU_51131,51131,NYU,NYU_0051131,1,True,OK,OK,19.73,1,10.67417582,0.616051446,89.04551417,3.509731953,0.067764034,12.86606987
TRINITY_51132,51132,TRINITY,Trinity_0051132,1,True,OK,OK,24.83,1,6.347560637,1.629330802,10.05358529,4.18198,0.070886803,10.88116067
TRINITY_51134,51134,TRINITY,Trinity_0051134,1,True,OK,OK,16.83,1,5.933200245,1.474236208,9.694803555,4.206820251,0.066437921,10.18433997
TRINITY_51135,51135,TRINITY,Trinity_0051135,1,True,OK,OK,13.75,1,4.717927116,1.412817175,3.40930102,4.58444,0.10449169,8.218341987
TRINITY_51136,51136,TRINITY,Trinity_0051136,1,True,OK,OK,12.66,1,4.991237223,1.617009603,3.107346861,4.42824,0.149691914,7.451678291
TRINITY_51138,51138,TRINITY,Trinity_0051138,1,True,OK,OK,12.66,1,7.406453609,1.71983453,11.02662539,3.85434,0.066247588,11.94941219
TRINITY_51139,51139,TRINITY,Trinity_0051139,1,True,OK,OK,19.5,1,7.00388281,1.595985414,11.26819662,4.04848,0.067683505,11.25464216
TRINITY_51140,51140,TRINITY,Trinity_0051140,1,True,OK,OK,15.75,1,12.35684888,1.441022203,25.65182169,4.70511,0.062405469,18.05734182
TRINITY_51141,51141,TRINITY,Trinity_0051141,1,True,OK,OK,15.91,1,7.245162101,1.609964815,8.457344826,4.2551,0.08079917,10.58984854
TRINITY_51142,51142,TRINITY,Trinity_0051142,1,True,OK,OK,14.91,1,9.038350154,1.443799217,14.3341472,4.57576,0.05684913,13.69388926
NYU_51146,51146,NYU,NYU_0051146,1,True,OK,OK,20.02,1,12.08405144,0.4751796,211.8403742,3.544965858,0.040367926,13.83626494
NYU_51147,51147,NYU,NYU_0051147,1,True,OK,OK,20.04,1,12.14029481,0.563916152,134.7757868,3.685548633,0.033565134,13.64542392
NYU_51148,51148,NYU,NYU_0051148,1,True,OK,OK,20.3,1,11.14087552,0.451334905,177.4667078,3.603055283,0.058219122,12.85068862
NYU_51149,51149,NYU,NYU_0051149,1,True,OK,OK,20.56,1,14.50544975,0.458428469,214.7297741,3.415390186,0.034977021,15.01483992
NYU_51150,51150,NYU,NYU_0051150,1,True,OK,OK,22.77,1,9.977853949,0.600670039,85.20893635,3.730659911,0.056677167,11.96617293
NYU_51151,51151,NYU,NYU_0051151,1,True,OK,OK,23.08,1,7.729487837,0.557371024,69.68591919,3.701207093,0.070467784,9.649495748
NYU_51153,51153,NYU,NYU_0051153,1,True,OK,OK,26.17,1,8.071939426,0.492807334,90.43043051,3.777362495,0.061024378,10.06539336
NYU_51154,51154,NYU,NYU_0051154,1,True,OK,OK,30.08,1,10.73316714,0.463211086,202.4331343,3.335724816,0.0418169,13.79509901
NYU_51155,51155,NYU,NYU_0051155,1,True,OK,OK,30.78,1,10.1572153,0.569889797,136.2662669,3.448543929,0.063706962,13.46160735
NYU_51156,51156,NYU,NYU_0051156,1,True,OK,OK,21.15,1,11.26598459,0.515667864,139.6299752,3.665598191,0.039245491,12.78258547
NYU_51159,51159,NYU,NYU_0051159,1,True,OK,OK,12.81,1,10.52676583,0.56845536,82.54030814,3.482225076,0.07171712,11.61491687
STANFORD_51163,51163,STANFORD,Stanford_0051163,1,True,OK,OK,9.0821,1,14.78824124,16.58143683,-0.082790936,3.022525302,0.136787819,16.69186088
UCLA_51202,51202,UCLA,UCLA_1_0051202,1,True,OK,OK,11.56,1,9.096065349,1.354653418,10.66870476,2.664233026,0.018289073,12.75745324
UCLA_51204,51204,UCLA,UCLA_1_0051204,1,True,OK,OK,14.57,1,10.63770732,1.995919765,5.972080777,3.371854492,0.016671009,18.3421883
UCLA_51205,51205,UCLA,UCLA_1_0051205,1,True,OK,OK,17.94,1,9.13955429,2.195451863,3.890805374,3.068135108,0.017858364,15.3203057
UCLA_51206,51206,UCLA,UCLA_1_0051206,1,True,OK,OK,15.78,1,8.578319132,1.685498904,7.011515985,3.065123793,0.028883548,12.76579644
UCLA_51207,51207,UCLA,UCLA_1_0051207,1,True,OK,OK,14.11,2,9.383501958,2.077911225,6.499892376,3.688908357,0.00726772,17.98344947
UCLA_51208,51208,UCLA,UCLA_1_0051208,1,True,OK,OK,16.98,1,11.60428499,1.370198226,12.58566229,2.920608887,0.008396049,15.59786011
UCLA_51210,51210,UCLA,UCLA_1_0051210,1,True,OK,OK,16.56,1,9.140513845,1.700695689,5.111209322,2.973579806,0.037229707,13.41895623
UCLA_51211,51211,UCLA,UCLA_1_0051211,1,True,OK,OK,11.27,1,8.710049009,1.680531978,9.339414408,4.214975739,0.049278529,15.72849652
UCLA_51215,51215,UCLA,UCLA_1_0051215,1,True,OK,OK,11.56,2,7.18983327,1.809658514,7.630623683,3.772585283,0.029903379,14.00987655
UCLA_51216,51216,UCLA,UCLA_1_0051216,1,True,OK,OK,10.54,1,9.312774601,1.333435112,9.935014179,2.663508428,0.039360291,13.30939248
UCLA_51217,51217,UCLA,UCLA_1_0051217,1,True,OK,OK,15.22,1,9.84968326,1.836802943,4.024100294,2.832857275,0.02847491,13.87376301
UCLA_51218,51218,UCLA,UCLA_1_0051218,1,True,OK,OK,16.87,1,9.675592273,1.707330338,8.134265915,3.076858512,0.02223694,14.70744267
UCLA_51219,51219,UCLA,UCLA_1_0051219,1,True,OK,OK,13.93,2,10.62075157,1.345111753,12.41879901,3.093608954,0.014993647,13.6760439
UCLA_51224,51224,UCLA,UCLA_1_0051224,1,True,OK,OK,12.99,1,10.05110638,1.825275802,4.209222607,2.816822021,0.012647312,13.38794842
UCLA_51225,51225,UCLA,UCLA_1_0051225,1,True,OK,OK,12.33,1,10.20347534,2.090143307,5.075757,3.252277042,0.011706014,17.69132269
UCLA_51226,51226,UCLA,UCLA_1_0051226,1,True,OK,OK,9.26,2,9.584774473,1.475293667,7.809903061,2.739901735,0.028694369,14.18904561
UCLA_51229,51229,UCLA,UCLA_1_0051229,1,True,OK,OK,14.59,1,9.949779781,1.846925668,3.591517387,2.733465048,0.048202465,13.40300812
UCLA_51230,51230,UCLA,UCLA_1_0051230,1,True,OK,OK,17.53,2,9.410862386,1.860208808,5.819816295,3.1316174,0.016760841,15.57362747
UCLA_51231,51231,UCLA,UCLA_1_0051231,1,True,OK,OK,10.28,1,9.589437716,1.763847503,5.795088693,3.205479319,0.032029789,14.71406126
UCLA_51235,51235,UCLA,UCLA_1_0051235,1,True,OK,OK,10.67,1,7.704705287,1.675090471,6.689962063,2.941189345,0.032298776,11.34316647
UCLA_51236,51236,UCLA,UCLA_1_0051236,1,True,OK,OK,12.42,1,10.75944218,1.637682023,7.310333705,2.950740861,0.016493556,15.10670687
UCLA_51237,51237,UCLA,UCLA_1_0051237,1,True,OK,OK,17.4,1,9.766809418,1.543588015,7.768032627,3.026720112,0.02423743,12.78460668
UCLA_51239,51239,UCLA,UCLA_1_0051239,1,True,OK,OK,13.67,1,8.838571569,2.45196707,3.800698196,3.670398178,0.02474319,16.8599786
UCLA_51240,51240,UCLA,UCLA_1_0051240,1,True,OK,OK,14.96,1,15.90720604,2.277203652,12.66331277,2.94810596,0.043701737,24.87279442
UCLA_51241,51241,UCLA,UCLA_1_0051241,1,True,OK,OK,10.9,1,10.69815232,2.198495371,2.424186326,2.914200431,0.022359041,16.629202
UCLA_51248,51248,UCLA,UCLA_1_0051248,1,True,OK,OK,13.5,1,12.43417732,1.558169769,28.07055446,2.893337662,0.044038712,18.5835744
UCLA_51250,51250,UCLA,UCLA_1_0051250,1,True,OK,OK,14.88,1,7.486925734,1.904981271,3.522742838,2.862104676,0.047827111,12.33859562
UCLA_51251,51251,UCLA,UCLA_1_0051251,1,True,OK,OK,12.36,1,10.41642583,1.279730925,11.65142552,2.769723167,0.029790281,14.97275634
UCLA_51255,51255,UCLA,UCLA_1_0051255,1,True,OK,OK,14.8,1,8.521544597,1.551578368,7.847143452,3.010609574,0.018395006,12.42749015
UCLA_51262,51262,UCLA,UCLA_1_0051262,1,True,OK,OK,11.56,1,10.63882712,1.915064381,6.414790461,3.210288013,0.016071173,17.03685928
UCLA_51264,51264,UCLA,UCLA_1_0051264,1,True,OK,OK,13.46,2,9.889000853,1.503157288,11.04178321,3.295451776,0.017262571,15.17840677
UCLA_51265,51265,UCLA,UCLA_1_0051265,1,True,OK,OK,15.92,1,9.292934582,1.694215352,4.529912343,2.87760354,0.036250766,12.77565469
UCLA_51266,51266,UCLA,UCLA_1_0051266,1,True,OK,OK,14.03,1,9.867540403,1.844733194,5.031585781,3.046679486,0.043568798,15.52087385
UCLA_51269,51269,UCLA,UCLA_1_0051269,1,True,OK,OK,14.29,1,9.31346276,1.882235179,4.778028545,2.848845478,0.030697419,13.50434434
UCLA_51271,51271,UCLA,UCLA_1_0051271,1,True,OK,OK,12.09,1,8.566482475,1.766637759,5.642303309,2.939909536,0.041060984,13.22501522
UCLA_51272,51272,UCLA,UCLA_1_0051272,1,True,OK,OK,13.41,1,9.769781194,1.860097198,4.850496199,2.760585707,0.013423333,14.98559021
UCLA_51275,51275,UCLA,UCLA_1_0051275,1,True,OK,OK,15.74,1,9.890538478,1.648638903,6.15964072,2.801850138,0.023117461,13.86272095
UCLA_51276,51276,UCLA,UCLA_1_0051276,1,True,OK,OK,13.85,1,9.531902354,2.03769074,3.843394574,2.831031666,0.017769627,13.59423728
UCLA_51278,51278,UCLA,UCLA_1_0051278,1,True,OK,OK,9.21,1,10.54540401,1.575898376,6.872413614,2.839820942,0.03498688,13.67535617
UCLA_51279,51279,UCLA,UCLA_1_0051279,1,True,OK,OK,13.82,2,9.06459867,2.134575144,2.833002207,3.068417419,0.023948543,13.37099342
UCLA_51280,51280,UCLA,UCLA_1_0051280,1,True,OK,OK,9.5,1,10.00440822,1.898254494,7.603177717,3.393677118,0.026944867,16.54585979
UCLA_51281,51281,UCLA,UCLA_1_0051281,1,True,OK,OK,11.83,1,9.096980561,1.362093741,8.897065175,2.733389765,0.024801866,12.60958481
UCLA_51297,51297,UCLA,UCLA_2_0051297,1,True,OK,OK,14.27,1,6.222250134,2.560515894,2.9057726,4.268661845,0.064513468,12.32756844
UCLA_51298,51298,UCLA,UCLA_2_0051298,1,True,OK,OK,10.57,1,8.521592231,1.579961021,8.385257439,3.194252759,0.021340606,13.34307457
UCLA_51299,51299,UCLA,UCLA_2_0051299,1,True,OK,OK,14.77,1,8.763341753,1.811257007,4.137609185,2.933454029,0.035304853,12.8187623
UCLA_51300,51300,UCLA,UCLA_2_0051300,1,True,OK,OK,14.08,1,8.431540551,1.561191491,8.489740239,3.112664934,0.019488107,13.15634568
UCLA_51301,51301,UCLA,UCLA_2_0051301,1,True,OK,OK,13.28,1,8.908464115,1.376152082,10.76614611,3.116636106,0.019987847,13.59864617
UCLA_51302,51302,UCLA,UCLA_2_0051302,1,True,OK,OK,10.85,1,8.93918495,1.634226548,5.35852098,2.709694478,0.033648278,13.18652748
UCLA_51303,51303,UCLA,UCLA_2_0051303,1,True,OK,OK,13.0,2,9.178758302,1.950771042,5.688771787,3.156771293,0.02856121,15.07950718
UCLA_51305,51305,UCLA,UCLA_2_0051305,1,True,OK,OK,12.64,2,11.08926321,2.103050555,14.07337144,4.22289322,0.077807023,22.03967908
UCLA_51309,51309,UCLA,UCLA_2_0051309,1,True,OK,OK,11.9,1,8.791157878,2.071223893,5.787024143,3.418209928,0.022192652,17.60284372
UCLA_51313,51313,UCLA,UCLA_2_0051313,1,True,OK,OK,13.36,1,8.937542859,2.438875084,4.062531708,3.545541516,0.017137204,17.25869486
MAXMUN_51318,51318,MAXMUN,MaxMun_a_0051318,1,True,OK,OK,19.0,1,11.63693096,2.134139364,9.003286169,3.53156,0.070868591,19.31046059
MAXMUN_51321,51321,MAXMUN,MaxMun_a_0051321,1,True,OK,OK,45.0,2,9.367374426,2.062791792,10.9147988,3.49811,0.050431992,16.94807867
MAXMUN_51322,51322,MAXMUN,MaxMun_b_0051322,1,True,OK,OK,29.0,1,12.04509496,2.497265967,9.713960458,3.34675,0.053862717,23.00034478
MAXMUN_51323,51323,MAXMUN,MaxMun_b_0051323,1,True,OK,OK,30.0,1,10.41822221,2.316365764,7.678033106,3.25254,0.056738649,17.83702694
MAXMUN_51325,51325,MAXMUN,MaxMun_b_0051325,1,True,OK,OK,32.0,2,8.281117474,1.84271278,9.837208979,3.26993,0.064413687,13.57005753
MAXMUN_51327,51327,MAXMUN,MaxMun_b_0051327,1,True,OK,OK,58.0,1,9.732430823,1.899717985,11.15110079,3.25683,0.054917381,17.39686172
MAXMUN_51328,51328,MAXMUN,MaxMun_c_0051328,1,True,OK,OK,22.0,1,11.82444089,2.941984688,9.290352918,3.83208,0.095991639,25.62282677
MAXMUN_51329,51329,MAXMUN,MaxMun_d_0051329,1,True,OK,OK,18.0,1,10.3259068,2.735779675,9.330372552,3.79901,0.097731552,23.82143137
MAXMUN_51332,51332,MAXMUN,MaxMun_c_0051332,1,True,OK,OK,23.0,1,8.896031638,0.837462863,379.1942516,3.224877659,0.091080724,31.02507259
MAXMUN_51333,51333,MAXMUN,MaxMun_c_0051333,1,True,OK,OK,24.0,1,9.080935209,0.55006373,893.1011966,3.178815089,0.125904116,34.51205568
MAXMUN_51335,51335,MAXMUN,MaxMun_c_0051335,1,True,OK,OK,23.0,1,5.548837494,1.297704568,52.92559485,3.007589121,0.052454569,20.6690273
MAXMUN_51336,51336,MAXMUN,MaxMun_c_0051336,1,True,OK,OK,26.0,1,7.602767463,2.641558223,5.810706296,3.465989912,0.078823506,19.69597804
MAXMUN_51338,51338,MAXMUN,MaxMun_c_0051338,1,True,OK,OK,30.0,1,9.369906866,2.307192243,7.625774648,3.41885,0.078194661,20.08137704
MAXMUN_51339,51339,MAXMUN,MaxMun_c_0051339,1,True,OK,OK,29.0,1,9.771189544,2.883497831,9.43164115,3.70671,0.067779847,22.99663185
MAXMUN_51341,51341,MAXMUN,MaxMun_c_0051341,1,True,OK,OK,29.0,1,11.34483811,2.560720708,10.34434341,3.68578,0.089525662,24.98927148
MAXMUN_51343,51343,MAXMUN,MaxMun_c_0051343,1,True,OK,OK,30.0,1,9.270089342,2.570692519,8.439156733,3.55359,0.097348313,20.97293641
MAXMUN_51351,51351,MAXMUN,MaxMun_d_0051351,1,True,OK,OK,11.0,1,10.91608122,2.521489367,7.028631959,3.33078,0.098695858,23.7646365
MAXMUN_51354,51354,MAXMUN,MaxMun_d_0051354,1,True,OK,OK,12.0,1,12.44407565,2.391519732,10.23283283,3.45767,0.080810016,23.99767322
MAXMUN_51356,51356,MAXMUN,MaxMun_d_0051356,1,True,OK,OK,10.0,1,11.87325797,2.915788318,8.31319519,3.2718,0.091992138,24.88326584
MAXMUN_51360,51360,MAXMUN,MaxMun_d_0051360,1,True,OK,OK,7.0,1,10.224442,2.395690514,7.606212511,3.66794,0.109237971,21.85609587
MAXMUN_51361,51361,MAXMUN,MaxMun_d_0051361,1,True,OK,OK,16.0,1,8.262867166,2.515643819,4.655942188,3.70064,0.116396841,17.64813449
MAXMUN_51362,51362,MAXMUN,MaxMun_a_0051362,1,True,OK,OK,33.0,1,8.36797184,1.928478438,11.46886638,3.31023,0.061959181,16.76496925
MAXMUN_51363,51363,MAXMUN,MaxMun_a_0051363,1,True,OK,OK,32.0,1,7.910029779,0.425698546,288.0342524,3.34632,0.077071509,15.89035616
MAXMUN_51365,51365,MAXMUN,MaxMun_a_0051365,1,True,OK,OK,23.0,1,9.063517233,2.13274917,5.682529728,3.36207,0.079313796,16.63200805
MAXMUN_51366,51366,MAXMUN,no_filename,1,False,OK,OK,32.0,2,11.48919083,1.973930608,12.21038355,3.5096,0.065399723,18.59884167
MAXMUN_51367,51367,MAXMUN,no_filename,1,False,OK,OK,21.0,1,11.04136972,2.345815777,6.686735279,3.49619,0.055381148,19.24079167
MAXMUN_51368,51368,MAXMUN,no_filename,1,False,OK,OK,28.0,2,9.704725288,2.689627121,6.184594638,3.26341,0.040198561,19.72791464
MAXMUN_51370,51370,MAXMUN,MaxMun_a_0051370,1,True,OK,OK,32.0,2,10.85038722,3.06747263,4.653707078,3.38098,0.06721909,19.87723037
MAXMUN_51372,51372,MAXMUN,no_filename,1,False,OK,OK,46.0,2,8.073437683,2.00656886,8.110412945,3.42709,0.05190722,14.77411054
CALTECH_51456,51456,CALTECH,Caltech_0051456,1,True,OK,OK,55.4,1,5.845220823,-1.805102353,340.9151101,4.01854,0.082920451,93.02029539
CALTECH_51457,51457,CALTECH,Caltech_0051457,1,True,OK,OK,22.9,1,7.760295311,-31.92785861,525.9394092,3.87898,0.102030308,1393.988997
CALTECH_51458,51458,CALTECH,Caltech_0051458,1,True,OK,OK,39.2,1,4.438850632,-3.812229295,214.4492104,3.92172,0.079981856,128.3285338
CALTECH_51459,51459,CALTECH,Caltech_0051459,1,True,OK,OK,22.8,1,7.339066956,-63.01431644,601.6628062,3.84837,0.070039775,3115.9217
CALTECH_51460,51460,CALTECH,Caltech_0051460,1,True,OK,OK,34.6,2,4.374214437,-217.5604332,195.9028654,4.20319,0.076546248,5957.198529
CALTECH_51462,51462,CALTECH,Caltech_0051462,1,True,OK,OK,20.2,2,2.63e-05,-65.36271451,277.9012516,4.24153,0.116117597,0.007280947
CALTECH_51463,51463,CALTECH,Caltech_0051463,1,True,OK,OK,20.2,2,1.5127e-05,-66.57709636,102.5578212,4.34098,0.132436914,0.001400072
CALTECH_51464,51464,CALTECH,Caltech_0051464,1,True,OK,OK,20.9,1,7.156670281,3.314892194,4.948201087,3.71406,0.091001276,17.57288802
CALTECH_51466,51466,CALTECH,Caltech_0051466,1,True,OK,OK,27.6,1,4.952670189,-24.75507406,256.8255006,3.95577,0.084225309,761.7207081
CALTECH_51467,51467,CALTECH,Caltech_0051467,1,True,OK,OK,23.4,1,8.021677843,-7.09268086,529.201532,3.93152,0.088856713,343.8714684
CALTECH_51468,51468,CALTECH,Caltech_0051468,1,True,OK,OK,20.1,1,6.55249799,-7.510812732,408.4653445,3.73555,0.095209828,318.2048385
CALTECH_51469,51469,CALTECH,Caltech_0051469,1,True,OK,OK,45.1,1,6.333853676,-28.30134006,352.2329187,3.89792,0.119640669,1003.451965
CALTECH_51470,51470,CALTECH,Caltech_0051470,1,True,OK,OK,29.1,1,3.481927689,3.011728194,5.219274784,4.00666,0.09455575,10.88438116
CALTECH_51471,51471,CALTECH,Caltech_0051471,1,True,OK,OK,22.4,2,4.154848296,-42.85701841,180.6562076,4.11702,0.063506731,1163.705569
CALTECH_51472,51472,CALTECH,Caltech_0051472,1,True,OK,OK,17.5,1,6.522103971,-3.585898521,394.4138741,3.88694,0.101998598,167.6996311
CALTECH_51473,51473,CALTECH,Caltech_0051473,1,True,OK,OK,21.2,1,6.05e-05,-77.90049096,434.9783301,4.09192,0.084651499,0.026475847
CALTECH_51474,51474,CALTECH,Caltech_0051474,1,True,OK,OK,20.9,1,6.01e-05,-70.72872522,213.6755756,4.03161,0.098619347,0.025288156
CALTECH_51475,51475,CALTECH,no_filename,1,False,OK,OK,44.2,1,6.398306139,-89.20412717,358.506423,3.95367,0.075494265,3012.742412
CALTECH_51476,51476,CALTECH,Caltech_0051476,1,True,OK,OK,39.3,1,4.227306723,-6.844724713,190.2055582,3.73723,0.094897994,198.317349
CALTECH_51477,51477,CALTECH,Caltech_0051477,1,True,OK,OK,42.5,1,7.782553346,-7.120333487,724.627792,4.1145,0.065221971,413.3488789
CALTECH_51478,51478,CALTECH,Caltech_0051478,1,True,OK,OK,19.7,1,5.447580115,-29.01084115,300.3526721,3.85533,0.072701862,964.3390639
CALTECH_51479,51479,CALTECH,Caltech_0051479,1,True,OK,OK,20.0,2,5.023287081,-7.611823196,272.5069476,3.84852,0.092248634,288.0210353
CALTECH_51480,51480,CALTECH,Caltech_0051480,1,True,OK,OK,20.8,2,4.428911367,-48.1677171,215.5119835,3.98851,0.066258813,1413.929297
CALTECH_51481,51481,CALTECH,Caltech_0051481,1,True,OK,OK,27.9,1,4.48e-05,-19.29376903,196.2825296,4.08009,0.09887154,0.004219073
CALTECH_51482,51482,CALTECH,Caltech_0051482,1,True,OK,OK,21.1,2,4.605309333,-7.639414843,234.9707515,3.72499,0.092700168,254.3471012
CALTECH_51483,51483,CALTECH,Caltech_0051483,1,True,OK,OK,20.9,1,7.714525462,-52.62437193,552.1817438,4.02063,0.094516981,2373.020456
CALTECH_51484,51484,CALTECH,Caltech_0051484,1,True,OK,OK,23.6,1,9.682449762,-50.39215019,836.1984544,3.94298,0.109403965,3065.035121
CALTECH_51485,51485,CALTECH,Caltech_0051485,1,True,OK,OK,23.9,1,8.230073362,-11.13300795,545.4147325,3.74531,0.073463284,529.3937351
CALTECH_51486,51486,CALTECH,Caltech_0051486,1,True,OK,OK,22.0,1,8.953347824,-32.41617235,685.3471637,3.75952,0.087964209,1700.1773
CALTECH_51487,51487,CALTECH,Caltech_0051487,1,True,OK,OK,17.0,1,7.564388739,-13.40467325,559.7610332,3.96937,0.080632917,649.2487533
CALTECH_51488,51488,CALTECH,Caltech_0051488,1,True,OK,OK,23.3,1,7.584555179,-4.925963855,541.9591697,3.86211,0.058187978,265.8260687
CALTECH_51489,51489,CALTECH,Caltech_0051489,1,True,OK,OK,34.1,1,12.04893321,-9.961682,1040.22457,3.89305,0.070786756,723.1485439
CALTECH_51490,51490,CALTECH,Caltech_0051490,1,True,OK,OK,44.1,1,7.594838515,-54.89881357,664.2750987,4.29596,0.06684091,2800.469954
CALTECH_51491,51491,CALTECH,Caltech_0051491,1,True,OK,OK,56.2,1,6.2718e-05,-54.7913859,359.3952819,3.90214,0.072882529,0.021114044
CALTECH_51492,51492,CALTECH,Caltech_0051492,1,True,OK,OK,18.7,1,6.822342854,-4.289106347,446.9015245,4.05079,0.096048485,215.1717072
CALTECH_51493,51493,CALTECH,Caltech_0051493,1,True,OK,OK,29.2,2,3.35e-05,-124.2674999,172.4785185,4.08504,0.096611234,0.023196201
SBL_51556,51556,SBL,SBL_0051556,1,True,OK,OK,20.0,1,3.75625021,1.089930289,8.028430728,3.39855,0.107655015,5.249782745
SBL_51557,51557,SBL,SBL_0051557,1,True,OK,OK,26.0,1,5.344173804,1.32795501,10.93956616,3.12864,0.051849871,7.170728796
SBL_51558,51558,SBL,SBL_0051558,1,True,OK,OK,27.0,1,3.438416973,0.83952004,9.140577474,3.35941,0.099236899,5.456160168
SBL_51559,51559,SBL,SBL_0051559,1,True,OK,OK,27.0,1,4.221311609,1.42689032,7.857000131,2.98856,0.066744503,6.432692522
SBL_51560,51560,SBL,SBL_0051560,1,True,OK,OK,27.0,1,3.863499313,1.254731067,6.722111132,3.544610211,0.085924873,6.07010849
SBL_51561,51561,SBL,SBL_0051561,1,True,OK,OK,36.0,1,5.486405231,1.277088357,12.94473263,2.826070168,0.054069102,7.810626632
SBL_51562,51562,SBL,SBL_0051562,1,True,OK,OK,37.0,1,3.322416647,1.355894536,5.447100918,3.22412,0.085435089,5.262363214
SBL_51563,51563,SBL,SBL_0051563,1,True,OK,OK,38.0,1,2.790305332,1.174400601,6.318625895,3.34379,0.106030294,4.606572471
SBL_51564,51564,SBL,SBL_0051564,1,True,OK,OK,39.0,1,4.580298371,1.511072069,8.336963156,3.00072,0.060599717,6.891173008
SBL_51565,51565,SBL,SBL_0051565,1,True,OK,OK,39.0,1,3.102249886,1.367695712,5.10623932,3.25195,0.092807085,4.787799701
SBL_51566,51566,SBL,SBL_0051566,1,True,OK,OK,41.0,1,4.733237442,1.521455962,7.101675972,3.23303,0.068319106,7.195671375
SBL_51567,51567,SBL,SBL_0051567,1,True,OK,OK,34.0,1,4.577268615,1.520595034,7.21170485,2.91072,0.06091648,6.814600387
SBL_51568,51568,SBL,SBL_0051568,1,True,OK,OK,37.0,1,4.746960159,0.997956374,15.59354008,2.88557,0.056971101,7.349228113
SBL_51569,51569,SBL,SBL_0051569,1,True,OK,OK,36.0,1,5.258132255,1.436278296,14.83197421,2.911150174,0.047991961,8.450561999
SBL_51570,51570,SBL,SBL_0051570,1,True,OK,OK,42.0,1,3.09000705,0.39985677,31.030144,3.22879,0.089614399,4.947239435
SBL_51571,51571,SBL,SBL_0051571,1,True,OK,OK,22.0,1,2.687599719,1.658663858,2.607570126,3.37619,0.122338155,4.074630667
SBL_51572,51572,SBL,SBL_0051572,1,True,OK,OK,28.0,1,3.60110901,1.264992234,5.158229654,3.23903,0.101654985,5.069206211
SBL_51573,51573,SBL,SBL_0051573,1,True,OK,OK,30.0,1,3.53620526,1.433257677,5.03786754,3.27765,0.088665214,5.492969158
SBL_51574,51574,SBL,SBL_0051574,1,True,OK,OK,30.0,1,5.466269167,1.044189524,16.41524621,3.04678,0.048442296,7.804991981
SBL_51575,51575,SBL,SBL_0051575,1,True,OK,OK,31.0,1,5.794430597,1.730440765,7.783196464,3.18018019,0.060901411,7.486295897
SBL_51576,51576,SBL,SBL_0051576,1,True,OK,OK,31.0,1,3.950808345,1.671033164,2.804148863,3.55338,0.088266286,6.155381065
SBL_51577,51577,SBL,SBL_0051577,1,True,OK,OK,31.0,1,5.389460227,1.413071425,7.826634186,3.23662,0.061094529,7.141210631
SBL_51578,51578,SBL,SBL_0051578,1,True,OK,OK,33.0,1,4.676539611,1.508576283,6.134176721,3.35897,0.063097672,6.834491585
SBL_51579,51579,SBL,SBL_0051579,1,True,OK,OK,41.0,1,5.870399455,0.917914251,22.83308196,2.870830171,0.049212557,8.168978585
SBL_51580,51580,SBL,SBL_0051580,1,True,OK,OK,42.0,1,2.9402382,1.487329592,2.540405275,3.14634,0.130985133,4.573467889
SBL_51581,51581,SBL,SBL_0051581,1,True,OK,OK,64.0,1,7.257336241,1.168981598,27.55195212,2.533930151,0.030998329,10.20002998
SBL_51582,51582,SBL,SBL_0051582,1,True,OK,OK,31.0,1,4.768935027,1.601894645,6.335900517,2.8935,0.064086894,7.342628404
SBL_51583,51583,SBL,SBL_0051583,1,True,OK,OK,35.0,1,3.89977403,1.697271474,3.465151106,3.31883,0.096813262,5.434540279
SBL_51584,51584,SBL,SBL_0051584,1,True,OK,OK,49.0,1,2.757734859,1.073076141,7.633617651,3.30937,0.1048167,4.516250411
SBL_51585,51585,SBL,SBL_0051585,1,True,OK,OK,27.0,1,3.413468935,1.358237642,4.335699832,3.32455,0.109489915,4.933959557
MAXMUN_51606,51606,MAXMUN,MaxMun_a_0051606,1,True,OK,OK,29.0,2,7.839006775,1.754362606,12.27005481,3.23217,0.083964371,16.4031739
MAXMUN_51607,51607,MAXMUN,MaxMun_a_0051607,1,True,OK,OK,26.0,1,12.16929687,2.818351948,9.272107118,3.51019,0.04430978,23.56598215
